
5 - ['aalii', 'aaron', 'abaca', 'aback', 'abaft', 'abama', 'abase', 'abaze', 'abbas', 'abbey', 'abear', 'abohm', 'aboma', 'aboon', 'abuse', 'abuzz', 'abwab', 'acana', 'acapu', 'acara', 'acate', 'acier', 'acker', 'acock', 'acoma', 'acoma', 'acorn', 'acrab', 'acroa', 'acrux', 'adawe', 'added', 'addle', 'adead', 'adeep', 'adjag', 'adoxa', 'aequi', 'aevia', 'aface', 'afara', 'afifi', 'after', 'again', 'agami', 'agave', 'aggie', 'aggur', 'aghan', 'aglow', 'agoho', 'agora', 'agria', 'agsam', 'aheap', 'ahint', 'ahong', 'ahsan', 'ahunt', 'ahura', 'aimak', 'aimer', 'ainoi', 'ajari', 'ajava', 'ajuga', 'akasa', 'akeki', 'alaki', 'alala', 'alala', 'alamo', 'alans', 'alate', 'alawi', 'aleak', 'aleut', 'algid', 'alibi', 'alike', 'alish', 'allah', 'allan', 'allan', 'allay', 'allen', 'alnus', 'aloma', 'alpha', 'alure', 'alvah', 'alvan', 'alvar', 'alvin', 'amaas', 'amaga', 'amapa', 'amass', 'amati', 'ambar', 'ambit', 'amble', 'ameen', 'amelu', 'amene', 'ament', 'amhar', 'amini', 'amish', 'amiss', 'amita', 'amnia', 'amoke', 'amort', 'amper', 'amply', 'ampyx', 'amuze', 'amvis', 'anana', 'anele', 'anend', 'angle', 'aniba', 'anigh', 'anima', 'animi', 'anion', 'anita', 'anjan', 'ankou', 'annam', 'annat', 'annex', 'annie', 'anous', 'anser', 'anzac', 'apace', 'apaid', 'apama', 'apart', 'apeak', 'apert', 'aphis', 'aphra', 'apiin', 'apina', 'appet', 'apple', 'apply', 'apsis', 'araba', 'araby', 'araca', 'arado', 'arake', 'aramu', 'arati', 'arbor', 'areal', 'arean', 'areel', 'arena', 'arent', 'arete', 'argid', 'argol', 'argue', 'arian', 'arioi', 'arjun', 'arkab', 'armer', 'armil', 'armor', 'arock', 'aroma', 'aroon', 'arrah', 'arrie', 'arrow', 'artar', 'arupa', 'arval', 'arzan', 'asana', 'asher', 'aspen', 'assam', 'assis', 'atavi', 'ataxy', 'ateba', 'atoll', 'atopy', 'atria', 'atrip', 'attic', 'attic', 'atune', 'atwin', 'atypy', 'aucan', 'auger', 'aught', 'aulae', 'aurae', 'aurar', 'auric', 'aurin', 'aurum', 'auxin', 'avahi', 'avail', 'avera', 'avery', 'awabi', 'await', 'awake', 'award', 'aware', 'awash', 'aweek', 'awest', 'aweto', 'awful', 'awhet', 'awide', 'awing', 'awink', 'axial', 'axile', 'axine', 'axman', 'axoid', 'aylet', 'azoch', 'azole', 'azoxy', 'azury', 'babai', 'babel', 'babua', 'babul', 'bacis', 'bagdi', 'baggy', 'baith', 'bajan', 'bajra', 'bajri', 'baken', 'bakli', 'balli', 'bally', 'balsa', 'banba', 'banca', 'banff', 'banga', 'banns', 'barbe', 'barer', 'barff', 'barge', 'bargh', 'baria', 'barmy', 'barry', 'barry', 'basin', 'basta', 'baste', 'batch', 'batty', 'batwa', 'baume', 'bauno', 'baure', 'bavin', 'bayou', 'bazoo', 'beany', 'beaux', 'bebed', 'bebop', 'bedad', 'bedip', 'beefy', 'beest', 'beeve', 'befog', 'begem', 'begob', 'begut', 'behap', 'behen', 'beice', 'bekah', 'bekko', 'bella', 'belle', 'belly', 'below', 'beman', 'bemar', 'bemat', 'bemba', 'benne', 'benzo', 'bepaw', 'bepen', 'berry', 'betta', 'betty', 'betty', 'bevel', 'bever', 'bewet', 'bewig', 'bhalu', 'bhang', 'bhava', 'bhili', 'biabo', 'biham', 'billy', 'billy', 'binal', 'bipod', 'birma', 'bitty', 'blaff', 'blame', 'blanc', 'blank', 'blase', 'blash', 'blent', 'blink', 'bloke', 'bloop', 'blown', 'boche', 'bogus', 'boiko', 'bolus', 'bombo', 'bonbo', 'boody', 'boomy', 'booth', 'boots', 'booty', 'booze', 'borax', 'borty', 'bosom', 'boule', 'bousy', 'bouto', 'bower', 'bowet', 'bowls', 'boyce', 'boyla', 'brace', 'brack', 'bract', 'brake', 'braky', 'brank', 'brant', 'brass', 'brava', 'bravo', 'braxy', 'breba', 'breek', 'breve', 'bribe', 'bring', 'briss', 'briza', 'brock', 'broke', 'bronk', 'brook', 'brool', 'brume', 'brute', 'bubal', 'buddy', 'buffy', 'bugan', 'bulky', 'bumbo', 'buret', 'burke', 'burut', 'bushi', 'busky', 'buxus', 'bysen', 'byway', 'caama', 'cabal', 'caban', 'cabby', 'cacam', 'cacao', 'cache', 'cacti', 'caddy', 'caffa', 'caged', 'cahiz', 'cahow', 'caker', 'cakey', 'callo', 'campa', 'camus', 'canal', 'canch', 'canel', 'canid', 'canto', 'canty', 'canun', 'caper', 'capes', 'capot', 'capra', 'capri', 'carex', 'carga', 'cargo', 'carib', 'caroa', 'carry', 'carry', 'carse', 'carua', 'carve', 'casco', 'caser', 'casha', 'casse', 'cauma', 'caupo', 'cavae', 'cavia', 'cavie', 'caxon', 'cecil', 'ceder', 'cella', 'cequi', 'ceria', 'cerin', 'chack', 'chaco', 'chafe', 'chaff', 'chaga', 'chaka', 'chama', 'chane', 'chant', 'chaps', 'chapt', 'chark', 'chase', 'chaui', 'chaus', 'chawl', 'chaya', 'cheep', 'cheke', 'chelp', 'chena', 'chess', 'cheve', 'chewy', 'chian', 'chide', 'chile', 'chill', 'chime', 'china', 'chink', 'chink', 'chips', 'chirp', 'choga', 'chomp', 'chous', 'chowk', 'chria', 'chufa', 'chump', 'cimex', 'cinch', 'circa', 'cirri', 'civet', 'clamp', 'clang', 'clank', 'clapt', 'clare', 'clash', 'class', 'clava', 'clave', 'clavy', 'cleat', 'climb', 'clink', 'clips', 'clipt', 'clive', 'cloof', 'clove', 'clown', 'cluck', 'cluff', 'clunk', 'coach', 'coact', 'coaly', 'coaxy', 'cobby', 'coble', 'cocco', 'cocky', 'cocle', 'cocoa', 'cocos', 'cohol', 'colza', 'coman', 'comer', 'comfy', 'comma', 'compo', 'congo', 'conky', 'conus', 'cooja', 'cooly', 'coomy', 'copal', 'copen', 'coppy', 'copsy', 'copus', 'coral', 'coram', 'coroa', 'cosse', 'couac', 'cours', 'court', 'coved', 'covet', 'covey', 'cowan', 'crain', 'crake', 'cramp', 'crank', 'crapy', 'crash', 'crass', 'cravo', 'creed', 'creem', 'crena', 'crine', 'crock', 'crore', 'crout', 'crowd', 'crump', 'crunk', 'cueva', 'cuffy', 'cully', 'cunan', 'cunza', 'curie', 'curua', 'curvy', 'cutty', 'czech', 'dabby', 'dadap', 'daffy', 'daira', 'daira', 'dairi', 'daiva', 'dalle', 'dally', 'darac', 'darky', 'daube', 'daver', 'david', 'dayal', 'decay', 'decoy', 'dedan', 'deedy', 'defer', 'deify', 'delve', 'demos', 'depas', 'deray', 'derby', 'derby', 'derry', 'dewax', 'dhava', 'diary', 'dicky', 'didus', 'dimer', 'dipus', 'disna', 'ditty', 'divot', 'djuka', 'doddy', 'doser', 'dozed', 'draba', 'dramm', 'drape', 'dread', 'droop', 'drupa', 'dryas', 'duala', 'dubba', 'duper', 'duppy', 'durax', 'dwalm', 'eagre', 'earle', 'easel', 'eaten', 'edana', 'eddie', 'edged', 'educe', 'eeler', 'eider', 'ekaha', 'elean', 'elide', 'elite', 'ellen', 'elmer', 'elvet', 'embow', 'emesa', 'emmet', 'enapt', 'enarm', 'ended', 'enema', 'enemy', 'envoy', 'enzym', 'ephah', 'epopt', 'epsom', 'equal', 'equip', 'equus', 'erava', 'erect', 'erept', 'erika', 'ernie', 'eruct', 'erupt', 'erwin', 'esker', 'estre', 'ethic', 'ettle', 'eupad', 'evade', 'evert', 'every', 'exact', 'exalt', 'exdie', 'exode', 'extra', 'exude', 'eyrir', 'fable', 'facet', 'facia', 'fader', 'fadge', 'fager', 'fagot', 'faham', 'faint', 'fanal', 'fanny', 'fanon', 'farcy', 'fardo', 'fatil', 'fauld', 'fauna', 'fause', 'favus', 'fayal', 'feast', 'feere', 'felix', 'fence', 'fenny', 'feoff', 'ferae', 'feral', 'feria', 'ferme', 'ferny', 'ferri', 'feste', 'fetal', 'fever', 'fezzy', 'fiche', 'fidia', 'fifie', 'filer', 'filix', 'filly', 'fitch', 'flack', 'flail', 'flake', 'flamb', 'flame', 'flank', 'flavo', 'flawn', 'flawy', 'fleam', 'fleck', 'flews', 'flimp', 'flipe', 'flock', 'flood', 'flout', 'flown', 'fluey', 'fluff', 'flume', 'flyer', 'flype', 'foaly', 'foamy', 'focus', 'fogus', 'folio', 'folky', 'foray', 'forgo', 'formy', 'forty', 'fossa', 'fount', 'fouth', 'fraik', 'frame', 'franc', 'frank', 'frank', 'frawn', 'freak', 'fream', 'freet', 'freon', 'fresh', 'frett', 'frija', 'frisk', 'frith', 'fritz', 'frizz', 'frock', 'frond', 'front', 'frown', 'fruit', 'frush', 'fubby', 'fully', 'fungi', 'funny', 'furan', 'furry', 'furze', 'fussy', 'fusus', 'fuzzy', 'gaddi', 'gaddi', 'gagor', 'gaize', 'galax', 'galey', 'gally', 'gamic', 'gamma', 'gammy', 'gamut', 'ganam', 'ganch', 'ganda', 'gansy', 'garad', 'garce', 'gardy', 'gareh', 'garoo', 'garth', 'garum', 'gasan', 'gassy', 'gated', 'gatha', 'gaudy', 'gaumy', 'gauze', 'gavel', 'gavia', 'gawby', 'gazon', 'gease', 'geest', 'geira', 'gekko', 'gemmy', 'genal', 'genep', 'genie', 'genos', 'genre', 'genro', 'geode', 'gerah', 'gerip', 'gesan', 'getah', 'ghent', 'gibbi', 'gibus', 'giddy', 'gigot', 'gilly', 'gimel', 'girth', 'glaga', 'glair', 'glaky', 'gland', 'glary', 'glass', 'gleed', 'gleet', 'glide', 'glink', 'glisk', 'gloat', 'glome', 'gloom', 'gloss', 'glump', 'golem', 'golly', 'goofy', 'gorer', 'gorge', 'gossy', 'gotch', 'grade', 'graff', 'graft', 'grail', 'graip', 'grama', 'gramp', 'grand', 'grane', 'grank', 'graph', 'grasp', 'grass', 'gravy', 'gregg', 'grego', 'grice', 'grike', 'grill', 'grimp', 'grimy', 'groin', 'groop', 'groot', 'grosz', 'grouf', 'grove', 'grovy', 'growl', 'gruel', 'gruff', 'grump', 'grunt', 'guaco', 'guaka', 'guano', 'guara', 'gudge', 'guess', 'guffy', 'guiba', 'guile', 'guilt', 'guise', 'gully', 'gumbo', 'gunne', 'guric', 'gurly', 'gushy', 'gwine', 'hacky', 'haddo', 'hafiz', 'haggy', 'haikh', 'haine', 'hairy', 'hakka', 'haloa', 'halse', 'halve', 'hamsa', 'handy', 'hanky', 'hanna', 'hansa', 'happy', 'harbi', 'harka', 'harry', 'harry', 'harsh', 'hatty', 'hatty', 'haunt', 'hause', 'haven', 'hazel', 'hazel', 'heath', 'heavy', 'heedy', 'heeze', 'heinz', 'helve', 'hemic', 'hemin', 'hempy', 'herat', 'herem', 'hermo', 'herne', 'heron', 'herse', 'herve', 'hetty', 'hevea', 'hewer', 'hexad', 'hexis', 'hield', 'hienz', 'hight', 'hiker', 'hilch', 'hinch', 'hinge', 'hippo', 'hippy', 'hiram', 'hirse', 'hiver', 'hoast', 'hobby', 'hocco', 'hoddy', 'hoggy', 'hoist', 'hokum', 'holly', 'holly', 'homer', 'homer', 'homey', 'hondo', 'honzo', 'hoofy', 'hooky', 'hoosh', 'horme', 'horsy', 'hosta', 'hough', 'hound', 'housy', 'hovel', 'hoven', 'howff', 'huaca', 'huaco', 'huave', 'hubba', 'humet', 'humid', 'humpy', 'hundi', 'hunky', 'hurri', 'hurst', 'hussy', 'huzza', 'hyleg', 'hymen', 'hypha', 'hyrax', 'ictic', 'iliau', 'immix', 'impar', 'impen', 'injun', 'inker', 'inoma', 'inwit', 'irwin', 'iztle', 'jabot', 'jacal', 'jaded', 'jagua', 'jahve', 'jakes', 'jakun', 'jaman', 'janua', 'janus', 'jason', 'jatki', 'javan', 'jeany', 'jebus', 'jenna', 'jerez', 'jerib', 'jerry', 'jerry', 'jewel', 'jheel', 'jhool', 'jiboa', 'jiggy', 'jinni', 'jinny', 'jinny', 'jiqui', 'jirga', 'jixie', 'jocko', 'jocum', 'johan', 'joola', 'joree', 'jorum', 'josie', 'jours', 'joust', 'jowel', 'jower', 'joyce', 'jufti', 'jugal', 'juice', 'jules', 'julia', 'jumbo', 'jumma', 'jural', 'jurat', 'juror', 'jutty', 'juvia', 'kabel', 'kafka', 'kafta', 'kahar', 'kaiwi', 'kajar', 'kamas', 'kamel', 'kamik', 'kanap', 'kanat', 'kaneh', 'kanga', 'kanji', 'kansa', 'kapok', 'kapur', 'karch', 'karri', 'kasha', 'kaska', 'katha', 'katha', 'kazak', 'kazoo', 'keach', 'kedge', 'keech', 'keena', 'keeve', 'keleh', 'kelek', 'kemal', 'kench', 'kevan', 'keyed', 'khaja', 'khaki', 'khami', 'khasa', 'khasi', 'khaya', 'khila', 'khmer', 'khoka', 'khula', 'kiack', 'kiang', 'kibei', 'kileh', 'kilim', 'kingu', 'kioko', 'kiowa', 'kirve', 'kisra', 'kissy', 'kiswa', 'kiwai', 'klaus', 'klosh', 'knark', 'knave', 'knell', 'knezi', 'knick', 'knife', 'knowe', 'known', 'knurl', 'koala', 'kobus', 'kodro', 'kohen', 'kokam', 'kokan', 'kokum', 'kombu', 'koorg', 'koran', 'korwa', 'kouza', 'kovil', 'kraal', 'krama', 'krama', 'krona', 'kroon', 'kufic', 'kurku', 'kurmi', 'kurus', 'kusan', 'kusti', 'kvass', 'kvint', 'kwapa', 'labba', 'labia', 'labor', 'labra', 'lacca', 'ladle', 'lagan', 'lagen', 'lager', 'lagna', 'lamna', 'lanao', 'lanaz', 'lanny', 'larix', 'larve', 'latah', 'lauan', 'laura', 'laura', 'lavic', 'lawny', 'lawzy', 'lazar', 'leach', 'leaky', 'leapt', 'lease', 'leash', 'leave', 'leden', 'leech', 'legal', 'leger', 'legua', 'lehua', 'lelia', 'leman', 'lemma', 'lemon', 'lemur', 'lench', 'lepus', 'lessn', 'letch', 'letup', 'leuco', 'leuma', 'leung', 'lewie', 'lewis', 'lewis', 'lewth', 'liana', 'liang', 'libel', 'liber', 'liber', 'licca', 'liege', 'lifey', 'likin', 'limbo', 'limen', 'limit', 'limma', 'limmu', 'linch', 'linga', 'linie', 'linja', 'linky', 'linne', 'linon', 'linum', 'linus', 'lippy', 'lithe', 'liwan', 'llama', 'loamy', 'lochy', 'locus', 'loper', 'lotta', 'lotto', 'louch', 'louey', 'loulu', 'louse', 'louty', 'lowan', 'loxic', 'lucet', 'lucia', 'luigi', 'lumpy', 'lunel', 'lunes', 'lungi', 'lunka', 'lupid', 'lupis', 'lurer', 'lurry', 'luxus', 'macan', 'macco', 'madia', 'madid', 'maghi', 'magic', 'magog', 'mahoe', 'mahri', 'mahua', 'maida', 'maire', 'maius', 'maize', 'makah', 'malar', 'malva', 'mamie', 'mamma', 'mande', 'maned', 'mange', 'mangy', 'mania', 'manis', 'manse', 'manta', 'maori', 'maple', 'marae', 'marci', 'marid', 'maris', 'marka', 'marko', 'marla', 'marly', 'marsi', 'mashy', 'massy', 'masty', 'matax', 'matte', 'matti', 'matti', 'mauve', 'mavis', 'maxim', 'mayor', 'mbaya', 'mbuba', 'meant', 'mecca', 'medoc', 'meeks', 'meese', 'meggy', 'meith', 'meles', 'melon', 'mense', 'merel', 'meril', 'merle', 'merop', 'meson', 'messe', 'messy', 'mesua', 'meter', 'metol', 'metze', 'meute', 'mezzo', 'miaul', 'micah', 'micky', 'midge', 'miffy', 'mikie', 'milan', 'milky', 'milpa', 'mimly', 'mince', 'miner', 'mingo', 'miqra', 'mirak', 'misgo', 'missy', 'miter', 'mixed', 'mixen', 'mobby', 'model', 'mohar', 'molal', 'moldy', 'moler', 'molle', 'molpe', 'momme', 'mommy', 'momus', 'monel', 'monel', 'moner', 'money', 'monny', 'monty', 'moony', 'moors', 'moose', 'moost', 'mopan', 'mopla', 'mopus', 'moqui', 'morat', 'mordv', 'morin', 'moroc', 'morph', 'morse', 'morse', 'morus', 'mossy', 'mosul', 'mothy', 'motto', 'mould', 'mouls', 'mouse', 'mouth', 'movie', 'mowra', 'mpret', 'mucid', 'mucky', 'mufti', 'muggy', 'mugil', 'muist', 'mukri', 'muley', 'mulla', 'munch', 'munge', 'mungo', 'mungy', 'murmi', 'murut', 'murva', 'musal', 'musha', 'musie', 'mussy', 'musty', 'mutch', 'mutic', 'mymar', 'myops', 'myopy', 'myron', 'myron', 'mysis', 'nabak', 'nabla', 'naggy', 'nahua', 'naily', 'naish', 'naker', 'nandi', 'nandi', 'napal', 'napoo', 'naren', 'narky', 'nasal', 'naumk', 'navew', 'nawab', 'nazim', 'needy', 'neeld', 'neese', 'neeze', 'negus', 'negus', 'neist', 'nejdi', 'never', 'nevus', 'newly', 'nexal', 'ngapi', 'niall', 'niche', 'nicky', 'nieve', 'nifle', 'nigre', 'nihal', 'ninja', 'ninon', 'ninon', 'ninox', 'ninth', 'ninut', 'nisan', 'noddy', 'nodus', 'nohow', 'nonda', 'nones', 'nooky', 'novem', 'noway', 'nowed', 'noxal', 'nummi', 'nunki', 'nuque', 'nurse', 'oakum', 'ocher', 'ochro', 'ocque', 'odeum', 'ogham', 'ohelo', 'okrug', 'omaha', 'oncin', 'onion', 'onmun', 'oolak', 'oopak', 'opata', 'ophic', 'opium', 'orang', 'orang', 'orant', 'oraon', 'orcin', 'orgic', 'oribi', 'oskar', 'ostic', 'ouabe', 'ouija', 'oukia', 'oulap', 'outer', 'ovant', 'ovile', 'ovine', 'ovism', 'ovolo', 'ovula', 'owler', 'oxime', 'oxman', 'ozark', 'ozena', 'paauw', 'paced', 'padda', 'padre', 'padus', 'paeon', 'pagan', 'pagus', 'palar', 'palas', 'palau', 'palea', 'palet', 'palla', 'palmo', 'palmy', 'palpi', 'pamir', 'panak', 'panax', 'panic', 'panos', 'pants', 'paola', 'paolo', 'papaw', 'papey', 'papio', 'pappi', 'papyr', 'paque', 'parah', 'param', 'parao', 'parka', 'parky', 'parma', 'parma', 'party', 'pasch', 'pashm', 'pasmo', 'passo', 'patao', 'patsy', 'patta', 'pause', 'payed', 'peach', 'peage', 'peart', 'peaty', 'peavy', 'pecan', 'pecky', 'pecos', 'peele', 'peery', 'peise', 'pekin', 'pekin', 'pelew', 'penal', 'pengo', 'penni', 'perch', 'percy', 'peres', 'perit', 'perky', 'peter', 'peter', 'peuhl', 'phaca', 'phano', 'phasm', 'phene', 'phoca', 'phoma', 'phora', 'photo', 'pichi', 'picky', 'picot', 'picra', 'picul', 'piece', 'piend', 'piete', 'pigly', 'pigmy', 'pikel', 'piker', 'pikey', 'pikle', 'pilar', 'pilar', 'piles', 'pilmy', 'piman', 'pinda', 'pined', 'pinic', 'pinky', 'pinna', 'pinna', 'pinus', 'pious', 'piper', 'piper', 'pipil', 'pipit', 'pirny', 'pisco', 'pisum', 'pitta', 'pizza', 'place', 'plaid', 'plain', 'plang', 'plash', 'platt', 'plaud', 'plebs', 'plica', 'plier', 'ploce', 'plouk', 'pluck', 'plumb', 'plume', 'plump', 'plush', 'plyer', 'poche', 'pocky', 'podal', 'podex', 'podge', 'point', 'poise', 'pokan', 'poked', 'pokey', 'pokom', 'polar', 'poler', 'poley', 'polis', 'polka', 'pombo', 'pommy', 'ponce', 'ponto', 'pooch', 'pooka', 'popal', 'poppa', 'porgy', 'porky', 'poros', 'porus', 'posca', 'posey', 'posse', 'potto', 'potty', 'pouce', 'pouch', 'poulp', 'poyou', 'prana', 'prate', 'preen', 'press', 'prick', 'pride', 'pried', 'prier', 'prima', 'primp', 'primy', 'prine', 'print', 'prior', 'priss', 'probe', 'prone', 'prong', 'proof', 'prose', 'proso', 'pross', 'prune', 'psoas', 'pubes', 'pucka', 'pudic', 'puggi', 'pugil', 'puler', 'pulex', 'pulli', 'pulse', 'punan', 'punga', 'punto', 'punty', 'pupal', 'purer', 'purga', 'purge', 'pylic', 'pyoid', 'pyrex', 'pyrex', 'pyrus', 'quadi', 'quaff', 'quail', 'quaky', 'qualm', 'quant', 'quare', 'quasi', 'quata', 'quawk', 'queak', 'queal', 'quean', 'queen', 'queet', 'queme', 'quern', 'quica', 'quick', 'quila', 'quill', 'quina', 'quink', 'quipo', 'quipu', 'quira', 'quire', 'quirl', 'quirt', 'quite', 'quitu', 'quoin', 'quote', 'rabbi', 'rabin', 'radii', 'radon', 'rafik', 'raghu', 'rammy', 'ranal', 'rance', 'ranch', 'range', 'ranny', 'ranty', 'rapic', 'rapid', 'ratwa', 'rauli', 'ravin', 'rayed', 'reach', 'readd', 'rearm', 'reave', 'reban', 'rebec', 'rebed', 'rebia', 'rebop', 'rebuy', 'recap', 'redip', 'redub', 'redux', 'reefy', 'reeky', 'reesk', 'reeve', 'refel', 'refer', 'refix', 'reges', 'reget', 'regga', 'regma', 'rehoe', 'reign', 'reins', 'reman', 'remex', 'remit', 'remop', 'renal', 'renes', 'renet', 'renin', 'reown', 'repeg', 'repen', 'rerig', 'rerob', 'rerun', 'resin', 'resow', 'resun', 'retax', 'reuel', 'reune', 'reuse', 'revue', 'rewed', 'rhamn', 'rheic', 'rhein', 'rhema', 'rheum', 'rheum', 'rhina', 'rhine', 'rhyme', 'rhymy', 'ribby', 'ricin', 'ridge', 'riffi', 'right', 'rigol', 'rimpi', 'rinka', 'ripal', 'ripup', 'riven', 'robot', 'roger', 'roger', 'rohob', 'rompy', 'roofy', 'roomy', 'roosa', 'roove', 'roque', 'roric', 'rosin', 'roter', 'rougy', 'rouky', 'roust', 'routh', 'rowan', 'rowen', 'rowty', 'royal', 'royet', 'rozum', 'ruana', 'rubia', 'ruche', 'rudge', 'rumen', 'rumex', 'rummy', 'runer', 'runic', 'rupie', 'rusin', 'rusky', 'saban', 'saber', 'sabia', 'sabik', 'sabra', 'sabra', 'sacra', 'sagum', 'sahib', 'saint', 'sajou', 'sakai', 'saker', 'sakha', 'sally', 'sally', 'salma', 'salol', 'salol', 'salse', 'samaj', 'saman', 'samba', 'samel', 'sampi', 'sancy', 'sanga', 'santa', 'sapin', 'saple', 'saraf', 'sarah', 'sarna', 'sarpo', 'sarsa', 'satin', 'satyr', 'sauce', 'sauna', 'saura', 'sauve', 'sawah', 'sawed', 'saxon', 'sazen', 'scaff', 'scalp', 'scamp', 'scant', 'scarp', 'scase', 'scaum', 'scawl', 'scena', 'scene', 'schwa', 'scler', 'scobs', 'scone', 'scoon', 'scoot', 'scopa', 'scoup', 'scovy', 'scowl', 'scram', 'scrin', 'scrog', 'scrub', 'scruf', 'scrum', 'scuff', 'sculp', 'scurf', 'scuse', 'scuta', 'seave', 'sebum', 'seech', 'seege', 'segol', 'seise', 'seize', 'seker', 'semis', 'sence', 'senci', 'senna', 'senna', 'sensa', 'senso', 'sepic', 'sequa', 'serau', 'seres', 'serif', 'sermo', 'seron', 'serve', 'servo', 'sesia', 'sesma', 'setae', 'setup', 'seugh', 'seven', 'sexed', 'shaft', 'shahi', 'shaka', 'shaku', 'shale', 'shaly', 'shame', 'shank', 'shant', 'share', 'shark', 'shaul', 'shawl', 'shawm', 'shawy', 'sheat', 'sheer', 'sheet', 'sheik', 'shela', 'shell', 'shend', 'sheng', 'sheva', 'shice', 'shiko', 'shish', 'shisn', 'shivy', 'shock', 'shona', 'shook', 'shoop', 'shore', 'shote', 'shott', 'shout', 'shove', 'shrag', 'shuck', 'shuff', 'shure', 'shush', 'siege', 'sieva', 'silex', 'sinal', 'since', 'sirih', 'sirki', 'sirup', 'sissu', 'sitka', 'siusi', 'siwan', 'sizar', 'sizes', 'skaff', 'skeer', 'skeif', 'skelp', 'skemp', 'skene', 'skere', 'skete', 'skime', 'skimp', 'skirt', 'skite', 'skulp', 'slack', 'slake', 'slamp', 'slang', 'slavi', 'sleek', 'slept', 'slime', 'sling', 'slink', 'slish', 'slone', 'slonk', 'sloom', 'sloop', 'slops', 'slows', 'sluer', 'sluig', 'slump', 'smack', 'small', 'smalm', 'smalt', 'smart', 'smeek', 'smich', 'smile', 'smily', 'smirk', 'smous', 'smuse', 'snaff', 'snape', 'snaps', 'snapy', 'snary', 'snerp', 'snick', 'snift', 'snipe', 'snirl', 'snivy', 'snoke', 'snood', 'snook', 'snork', 'snort', 'snowy', 'snuck', 'snuff', 'soaky', 'soapy', 'soary', 'socky', 'sodic', 'soily', 'solay', 'soldo', 'solum', 'solve', 'somma', 'sonly', 'soord', 'sooty', 'sopor', 'soppy', 'sorgo', 'sorva', 'sotho', 'sotol', 'soupy', 'soury', 'south', 'south', 'sowar', 'sowle', 'sozin', 'spahi', 'spaik', 'spald', 'spall', 'spane', 'spank', 'spark', 'spasm', 'spawn', 'spean', 'spear', 'speel', 'speen', 'spelt', 'speos', 'sperm', 'spica', 'spica', 'spicy', 'spied', 'spier', 'spiff', 'spike', 'spike', 'spill', 'spina', 'spine', 'spink', 'spiny', 'spire', 'spiro', 'spise', 'spitz', 'spole', 'spoof', 'spook', 'spool', 'spoon', 'sprag', 'spree', 'sprew', 'spuke', 'spume', 'spung', 'spunk', 'spurn', 'spurt', 'squam', 'squid', 'sruti', 'staff', 'stagy', 'stain', 'stake', 'stale', 'stall', 'stamp', 'state', 'state', 'stauk', 'staun', 'staup', 'stchi', 'stean', 'steep', 'steer', 'stell', 'stema', 'steno', 'stent', 'stept', 'sterk', 'steve', 'stich', 'stife', 'stilt', 'sting', 'stink', 'stirk', 'stith', 'stivy', 'stock', 'stoff', 'stoga', 'stoic', 'stoic', 'stoke', 'stoma', 'stoof', 'stook', 'storm', 'stoun', 'stram', 'strey', 'strip', 'strit', 'strop', 'struv', 'stubb', 'stupa', 'stupe', 'stupp', 'suade', 'subah', 'suber', 'succi', 'sueve', 'suevi', 'sugih', 'suint', 'suist', 'sukey', 'sulka', 'sumak', 'sunil', 'sunna', 'suomi', 'super', 'surat', 'sures', 'surgy', 'surma', 'suzan', 'swain', 'swamy', 'swang', 'swarm', 'swash', 'swath', 'swati', 'sweal', 'swede', 'sweep', 'swego', 'swick', 'swimy', 'swing', 'swipy', 'swoon', 'sworn', 'tabic', 'taboo', 'tabut', 'tacca', 'tacit', 'taffy', 'taffy', 'tafia', 'tagua', 'tahin', 'tahua', 'taich', 'taiga', 'taipi', 'taipo', 'tajik', 'taler', 'taluk', 'tambo', 'tamis', 'tamus', 'tango', 'tangs', 'tanha', 'tania', 'tanoa', 'tanti', 'tanya', 'tanzy', 'tapas', 'tapen', 'tapet', 'tapis', 'tapoa', 'tappa', 'tapul', 'tarau', 'tarea', 'tarfa', 'tarin', 'tarmi', 'tarot', 'tarve', 'tatar', 'tatie', 'taupe', 'taupo', 'taxon', 'tcawi', 'tchwi', 'tease', 'teaze', 'tecum', 'teems', 'teens', 'teeth', 'teety', 'tekke', 'tekke', 'tembe', 'tempe', 'tempt', 'tenet', 'tengu', 'tense', 'tenty', 'terek', 'terna', 'terri', 'terzo', 'testa', 'tetel', 'tetra', 'tetum', 'tewel', 'tewer', 'tewit', 'texan', 'thack', 'thank', 'tharm', 'thawn', 'theca', 'theek', 'theet', 'theft', 'thegn', 'thema', 'there', 'thill', 'thing', 'think', 'think', 'thoft', 'thoke', 'thore', 'thorn', 'thort', 'those', 'those', 'thraw', 'throw', 'thruv', 'thurt', 'tiffy', 'tiger', 'tigre', 'tikka', 'tilia', 'timor', 'tinct', 'tined', 'tinge', 'tinne', 'tinni', 'tipup', 'titan', 'titar', 'titus', 'tiwaz', 'tmema', 'toffy', 'toity', 'tomas', 'topsl', 'torch', 'torso', 'torta', 'torus', 'torve', 'tossy', 'touch', 'tovah', 'tower', 'towny', 'traik', 'trait', 'trama', 'trank', 'trapa', 'traps', 'trass', 'trave', 'treey', 'trema', 'trent', 'trest', 'trice', 'trifa', 'trink', 'trist', 'trixy', 'troat', 'trock', 'troft', 'troke', 'tromp', 'trope', 'troth', 'trubu', 'truce', 'truff', 'trunk', 'truss', 'trust', 'trypa', 'tsuma', 'tuart', 'tuath', 'tubae', 'tuism', 'tunga', 'tunic', 'tunny', 'tupik', 'tuque', 'turgy', 'turma', 'turps', 'turse', 'twalt', 'twank', 'tweak', 'tween', 'tweet', 'tweil', 'twere', 'twerp', 'twick', 'twill', 'twilt', 'twine', 'twirk', 'twirl', 'twist', 'twite', 'twixt', 'typer', 'uaupe', 'udder', 'udell', 'udish', 'ugric', 'uinta', 'ukase', 'ulema', 'uller', 'ulmin', 'ululu', 'umber', 'umiri', 'unamo', 'unapt', 'unbit', 'unbox', 'uncap', 'uncia', 'undid', 'undig', 'undub', 'undue', 'undug', 'unfit', 'ungag', 'unhit', 'unice', 'union', 'unked', 'unket', 'unkey', 'unlaw', 'unlet', 'unlie', 'unlit', 'unnew', 'unona', 'unpeg', 'unpen', 'unpin', 'unpot', 'unrip', 'unrun', 'unsex', 'unsin', 'unsun', 'untax', 'unwan', 'unwig', 'unwon', 'uparm', 'upbar', 'updry', 'upeat', 'upher', 'upjet', 'uppop', 'uprid', 'upsey', 'upsup', 'upupa', 'upwax', 'urase', 'ureic', 'urena', 'urite', 'urlar', 'ursus', 'urubu', 'utick', 'utrum', 'utter', 'uviol', 'uvver', 'uzara', 'uzbak', 'uzbek', 'vache', 'vagal', 'vagas', 'vague', 'vajra', 'vakil', 'valor', 'valsa', 'vance', 'vapid', 'varix', 'varus', 'vault', 'vedic', 'vedro', 'vejoz', 'velal', 'velic', 'velum', 'venie', 'venin', 'venom', 'venue', 'venus', 'vepse', 'verby', 'verge', 'viand', 'vicia', 'vicki', 'vidry', 'vifda', 'villa', 'ville', 'vinal', 'vined', 'vinod', 'vinyl', 'viron', 'visie', 'visit', 'visne', 'vista', 'vitis', 'viuva', 'vivax', 'vives', 'vixen', 'vlach', 'vocal', 'vogue', 'volva', 'votal', 'vouge', 'vraic', 'vulva', 'vying', 'waapa', 'waasi', 'wabby', 'wacky', 'waged', 'wages', 'wahoo', 'waird', 'waist', 'waive', 'wakif', 'wakon', 'waled', 'waler', 'waler', 'waltz', 'wanly', 'wappo', 'warua', 'warve', 'wasat', 'washo', 'wasnt', 'waspy', 'watap', 'water', 'wauch', 'waugh', 'waura', 'waxen', 'weaky', 'weald', 'weber', 'wecht', 'wedgy', 'weeda', 'weeny', 'weesh', 'wefty', 'weigh', 'weird', 'weism', 'wekau', 'wende', 'wendi', 'wendy', 'westy', 'wetly', 'wezen', 'whack', 'whalp', 'whaly', 'whame', 'whamp', 'whank', 'whare', 'wharl', 'wharp', 'whart', 'whats', 'whauk', 'whaup', 'wheal', 'wheam', 'wheat', 'wheel', 'wheep', 'wheki', 'whelm', 'where', 'whewl', 'whewt', 'whiba', 'whick', 'whiff', 'whift', 'whill', 'whine', 'whiny', 'whish', 'whisk', 'white', 'whits', 'whone', 'whoof', 'whose', 'whush', 'wicht', 'widow', 'wifie', 'wigan', 'wilga', 'windy', 'wingy', 'winly', 'wired', 'wisha', 'withy', 'wizen', 'wodgy', 'woibe', 'wolof', 'wolve', 'womby', 'wonga', 'wonna', 'woold', 'wordy', 'worst', 'worth', 'woven', 'wrack', 'wrath', 'wrawl', 'wreat', 'wreck', 'wring', 'wrote', 'xebec', 'xenia', 'xenon', 'xerus', 'xoana', 'xurel', 'xylem', 'xylon', 'yacal', 'yakut', 'yampa', 'yanan', 'yaply', 'yapok', 'yaqui', 'yarak', 'yaray', 'yawny', 'yazoo', 'yeara', 'yemen', 'ygapo', 'yocco', 'yoick', 'yokel', 'youff', 'yourn', 'youve', 'yoven', 'yowie', 'yquem', 'yuman', 'zabti', 'zambo', 'zanze', 'zapas', 'zebra', 'zemni', 'zimme', 'zimmi', 'zirak', 'zocco', 'zogan', 'zonal', 'zoned', 'zooid', 'zooks', 'zoons', 'zoque', 'zosma', 'after', 'again', 'angle', 'apple', 'awake', 'basin', 'berry', 'brake', 'brass', 'equal', 'every', 'flame', 'frame', 'front', 'fruit', 'glass', 'grass', 'happy', 'jewel', 'knife', 'limit', 'mixed', 'money', 'mouth', 'place', 'point', 'print', 'prose', 'quick', 'quite', 'range', 'right', 'shame', 'shock', 'skirt', 'small', 'smile', 'south', 'spoon', 'stamp', 'there', 'thing', 'touch', 'twist', 'water', 'wheel', 'where', 'white']
6 - ['abaff', 'above', 'aegle', 'agate', 'agaze', 'agger', 'aging', 'aguey', 'airer', 'aiwan', 'ajaja', 'ajaja', 'akule', 'alain', 'aland', 'alary', 'alima', 'alisp', 'alive', 'allow', 'alpax', 'alvus', 'amaze', 'amman', 'ammer', 'amove', 'amuse', 'anasa', 'anent', 'ankle', 'anura', 'apian', 'apish', 'apism', 'aport', 'arara', 'arara', 'araua', 'arawa', 'arhar', 'arzun', 'asper', 'aster', 'attar', 'aural', 'avena', 'avert', 'awaft', 'awane', 'awave', 'awiwi', 'awoke', 'awork', 'azide', 'azine', 'babby', 'baboo', 'bacca', 'baked', 'balza', 'basic', 'bassa', 'batta', 'batta', 'bawra', 'bebar', 'befop', 'bejel', 'bepat', 'bezzo', 'bigha', 'binna', 'blaze', 'blimp', 'boozy', 'bortz', 'bowly', 'boxer', 'boxer', 'boxty', 'bozze', 'brave', 'brawn', 'braza', 'brome', 'bronx', 'broom', 'bulla', 'bully', 'bunny', 'cacan', 'cager', 'caggy', 'cajan', 'campe', 'canis', 'canon', 'capax', 'capel', 'caste', 'cater', 'cauch', 'caval', 'cavus', 'chais', 'chaja', 'cheer', 'chive', 'choca', 'choop', 'civvy', 'clawk', 'cling', 'cloop', 'colla', 'comox', 'conoy', 'cooer', 'coony', 'cowal', 'coyan', 'cozen', 'crack', 'craft', 'crane', 'crawm', 'crazy', 'creep', 'crook', 'croup', 'croze', 'cueca', 'culmy', 'cumal', 'cuppy', 'curer', 'dampy', 'darer', 'decad', 'depoh', 'dewer', 'diana', 'diddy', 'diver', 'dover', 'drovy', 'dryad', 'duchy', 'eagle', 'easer', 'ecize', 'effie', 'eimer', 'elate', 'elver', 'embox', 'emeer', 'ennui', 'eppie', 'erade', 'erase', 'essex', 'ester', 'evase', 'ewder', 'ewery', 'exert', 'exite', 'exlex', 'fabes', 'faddy', 'fains', 'faith', 'faker', 'fanwe', 'farmy', 'farse', 'fatty', 'feaze', 'feces', 'felly', 'fenks', 'ferie', 'final', 'finny', 'fique', 'firer', 'fitty', 'fizzy', 'flaff', 'flane', 'flare', 'flash', 'flask', 'flaxy', 'flite', 'fogey', 'foody', 'foots', 'footy', 'foppy', 'fosse', 'frass', 'fraze', 'freed', 'frike', 'froom', 'frore', 'frosh', 'fuffy', 'furzy', 'gabby', 'gable', 'gadid', 'galea', 'galli', 'gange', 'ganja', 'gaper', 'gappy', 'gatch', 'gauzy', 'gazel', 'gemel', 'genii', 'genny', 'germy', 'geste', 'getae', 'ghazi', 'gilpy', 'glace', 'glazy', 'gleam', 'glent', 'glime', 'glout', 'glove', 'gluey', 'grape', 'grein', 'grift', 'grime', 'grith', 'groom', 'group', 'grout', 'grown', 'grush', 'guava', 'guest', 'gugal', 'gulpy', 'gunny', 'guran', 'gurry', 'guyer', 'hache', 'hagia', 'hajib', 'haler', 'halma', 'hamal', 'hamal', 'hammy', 'hamus', 'hamza', 'hanch', 'hanif', 'hardy', 'harem', 'harpy', 'hasan', 'hasta', 'haugh', 'hauld', 'havel', 'hawse', 'hayey', 'hazen', 'heave', 'heder', 'heezy', 'helen', 'helix', 'henry', 'henry', 'hexer', 'hided', 'hider', 'hippa', 'hirer', 'hitch', 'hocky', 'hocus', 'holer', 'holla', 'hollo', 'hooch', 'hooey', 'hooly', 'hoose', 'hoove', 'horal', 'hotch', 'hoyle', 'huari', 'hubby', 'huffy', 'hurly', 'hyper', 'ilial', 'jabia', 'jacky', 'jager', 'jaggy', 'jalap', 'jammy', 'jarra', 'jarry', 'jatha', 'jawed', 'jemez', 'jetty', 'jiffy', 'jimmy', 'jimmy', 'joist', 'joker', 'jokul', 'jorge', 'jough', 'jowar', 'judge', 'judge', 'juger', 'jumpy', 'jussi', 'jutka', 'kafiz', 'kakar', 'kalon', 'kappe', 'kaput', 'karbi', 'karou', 'kauri', 'keawe', 'kecky', 'keest', 'kella', 'kempy', 'kenno', 'kerat', 'kerri', 'kevel', 'kiaki', 'kiddy', 'kinch', 'kinch', 'kiver', 'kling', 'kneel', 'kongo', 'kooka', 'koroa', 'krome', 'kubba', 'kukui', 'laker', 'lamia', 'laney', 'lappa', 'laria', 'larva', 'latax', 'lated', 'laxly', 'leper', 'lieue', 'limey', 'linje', 'lipin', 'liven', 'loasa', 'local', 'locky', 'lousy', 'lower', 'loyal', 'mabel', 'macer', 'madge', 'mafoo', 'magot', 'mahar', 'maiid', 'maint', 'maker', 'malax', 'mambo', 'manal', 'manny', 'manny', 'manus', 'mappy', 'marge', 'masha', 'masse', 'matka', 'matta', 'mauri', 'mazic', 'mazur', 'mazut', 'mease', 'meece', 'meile', 'mensk', 'merge', 'merse', 'mewer', 'miche', 'might', 'milch', 'miler', 'milla', 'milla', 'milly', 'minge', 'mirth', 'mirza', 'mizzy', 'moggy', 'mokum', 'molly', 'molly', 'moper', 'moray', 'mormo', 'moule', 'mound', 'mousy', 'mover', 'mowch', 'mowse', 'mowth', 'muddy', 'mummy', 'murre', 'murza', 'musca', 'mushy', 'muzzy', 'namer', 'nance', 'nantz', 'nappy', 'narra', 'nassa', 'nasua', 'nasus', 'naval', 'navel', 'nebel', 'negro', 'negro', 'nervy', 'newel', 'nexus', 'niece', 'njave', 'nondo', 'nonya', 'novel', 'nowel', 'nunch', 'nunky', 'nunni', 'oromo', 'owser', 'oxter', 'pacer', 'pager', 'pally', 'panda', 'pandy', 'paned', 'panel', 'panna', 'pansy', 'panto', 'panty', 'parch', 'pardo', 'parly', 'pasha', 'passe', 'passe', 'pasty', 'patte', 'patty', 'patty', 'paula', 'pavan', 'pavia', 'pavis', 'pawky', 'peace', 'peepy', 'peeve', 'pekoe', 'pelon', 'pence', 'penna', 'peril', 'perle', 'perry', 'perry', 'petal', 'phill', 'piaba', 'picus', 'piggy', 'pilau', 'piler', 'pilin', 'pilum', 'piner', 'pipra', 'pivot', 'pixie', 'plack', 'plaga', 'plane', 'plank', 'plass', 'plaza', 'pleck', 'ploat', 'plock', 'pluff', 'plunk', 'pobby', 'polio', 'poney', 'porer', 'porto', 'porty', 'prank', 'pratt', 'prawn', 'price', 'price', 'prill', 'prime', 'privy', 'proke', 'prowl', 'proxy', 'prunt', 'puggy', 'puist', 'pulpy', 'pungi', 'punti', 'pupil', 'purse', 'pussy', 'putty', 'quake', 'quale', 'quarl', 'quauk', 'query', 'quilt', 'raash', 'raffe', 'rajiv', 'reaal', 'rebab', 'rebox', 'reina', 'remap', 'remix', 'renky', 'renne', 'repel', 'repew', 'repin', 'rerow', 'resup', 'revet', 'revie', 'rewax', 'rexen', 'rheme', 'ringe', 'riser', 'roupy', 'rucky', 'ruler', 'rupia', 'sabzi', 'saggy', 'sagra', 'saiva', 'samas', 'sansi', 'sapan', 'saqib', 'saran', 'sarra', 'sarsi', 'sarus', 'sassy', 'saucy', 'saver', 'savin', 'scala', 'scall', 'scarf', 'scaup', 'scope', 'scran', 'scroo', 'secos', 'sekos', 'sense', 'seraw', 'serin', 'serow', 'sewen', 'shall', 'shama', 'shane', 'shaps', 'sharn', 'shaup', 'shawn', 'sheol', 'shewa', 'shive', 'shogi', 'shojo', 'shoot', 'shram', 'shyer', 'sieve', 'singe', 'sinus', 'sioux', 'siris', 'sissy', 'sithe', 'sitta', 'sizal', 'skive', 'skout', 'skuse', 'slane', 'slank', 'sleer', 'slipe', 'slope', 'slosh', 'slush', 'smarm', 'smeer', 'smite', 'smock', 'smook', 'smoos', 'smore', 'smote', 'snack', 'snare', 'snell', 'snirt', 'snowk', 'solar', 'sorra', 'sorry', 'sorus', 'soter', 'souse', 'sowan', 'spaer', 'spalt', 'spann', 'sparm', 'spart', 'spass', 'spave', 'specs', 'spend', 'spice', 'spick', 'spile', 'spoke', 'spoom', 'sport', 'sprug', 'squaw', 'stack', 'staia', 'stane', 'stawn', 'stern', 'stern', 'stime', 'stirp', 'stomp', 'stone', 'stone', 'stoon', 'stopa', 'stoup', 'straw', 'strix', 'strix', 'strow', 'stuck', 'sturt', 'suant', 'suina', 'suine', 'sulla', 'supai', 'surra', 'susan', 'susie', 'swage', 'swale', 'swamp', 'swank', 'swape', 'swarf', 'swazi', 'swear', 'sweat', 'swelp', 'swelt', 'swept', 'swift', 'swill', 'swink', 'swipe', 'swire', 'swirl', 'swith', 'swoop', 'swung', 'swure', 'takin', 'tamer', 'tammy', 'tammy', 'tanka', 'tapia', 'taqua', 'tarri', 'tauri', 'tawpi', 'taxis', 'taxus', 'teart', 'teaty', 'tembu', 'temne', 'tenne', 'tereu', 'tetch', 'thana', 'thats', 'theat', 'theme', 'therm', 'thoro', 'thowt', 'thrax', 'tibia', 'tiler', 'tippy', 'tirve', 'titer', 'toast', 'tonto', 'tooth', 'topaz', 'toppy', 'total', 'totty', 'tousy', 'toyer', 'tract', 'trant', 'treat', 'trike', 'troco', 'tronc', 'trone', 'troop', 'troot', 'trout', 'trump', 'tucky', 'tunna', 'turus', 'twana', 'tweel', 'twink', 'twire', 'undim', 'unhex', 'unhid', 'unmet', 'unrig', 'unwax', 'unwed', 'unzen', 'upper', 'uprip', 'urate', 'urine', 'usher', 'uveal', 'uvrou', 'vagus', 'vaire', 'vairy', 'vakia', 'valet', 'valmy', 'valva', 'vapor', 'varna', 'varve', 'vasal', 'vaudy', 'vaunt', 'veery', 'venal', 'verek', 'vergi', 'verpa', 'verre', 'verve', 'vexed', 'vexer', 'vicky', 'vidua', 'vigia', 'vigil', 'vince', 'vinic', 'vinta', 'virga', 'virus', 'vomer', 'vouch', 'vowed', 'wacke', 'wader', 'waily', 'wakan', 'wakes', 'walsh', 'wamel', 'wamus', 'wanga', 'wanny', 'warri', 'warth', 'warty', 'washy', 'wauve', 'waved', 'wazir', 'weave', 'wedge', 'weedy', 'weeps', 'weepy', 'weeze', 'wench', 'wevet', 'whang', 'whase', 'wheer', 'whelp', 'whipt', 'whisp', 'whole', 'whoop', 'whort', 'wield', 'willy', 'willy', 'wined', 'winze', 'wodge', 'woldy', 'wonky', 'wooer', 'woofy', 'wootz', 'woozy', 'worky', 'wormy', 'worse', 'would', 'wramp', 'wrang', 'wreak', 'wrest', 'wrick', 'wride', 'wried', 'wrier', 'wrist', 'write', 'wroke', 'wroth', 'wrung', 'wuzzy', 'wyver', 'xenos', 'xeres', 'yanky', 'yesty', 'yeven', 'yezzy', 'yodel', 'yojan', 'yolky', 'youth', 'youze', 'yucky', 'zaman', 'zamia', 'zande', 'zapus', 'zaque', 'zeism', 'zeist', 'zerma', 'ziara', 'zihar', 'zilla', 'zippy', 'zirai', 'zizia', 'zorro', 'zowie', 'crack', 'glove', 'group', 'judge', 'peace', 'plane', 'price', 'sense', 'slope', 'stone', 'tooth']
4 - ['abash', 'abask', 'abate', 'abave', 'abbie', 'abbot', 'abeam', 'abele', 'abhor', 'abide', 'abidi', 'abilo', 'abkar', 'abler', 'abmho', 'aboil', 'abort', 'abram', 'abrim', 'absit', 'abuna', 'abura', 'abuta', 'abyss', 'acari', 'accoy', 'acedy', 'acerb', 'achor', 'ackey', 'acmic', 'acoin', 'acred', 'acrid', 'acron', 'acuan', 'acute', 'adage', 'adapa', 'adati', 'adawn', 'addax', 'adder', 'addie', 'adeem', 'adela', 'adfix', 'adion', 'adman', 'admix', 'adnex', 'adobe', 'adorn', 'adown', 'adoxy', 'adoze', 'adrip', 'adrop', 'adrue', 'adunc', 'adusk', 'adust', 'adzer', 'aegis', 'aeric', 'aerie', 'affix', 'afire', 'aflow', 'afoam', 'afoot', 'afoul', 'afret', 'afric', 'agade', 'agama', 'agama', 'agamy', 'agape', 'agasp', 'agaty', 'agena', 'agent', 'aggry', 'agile', 'agist', 'aglet', 'agley', 'agnus', 'agoge', 'agone', 'agrah', 'agral', 'agrin', 'agrom', 'agust', 'ahead', 'ahind', 'ahmet', 'ahull', 'ahush', 'ahwal', 'ailie', 'aillt', 'airan', 'aizle', 'ajhar', 'akala', 'akali', 'akebi', 'akkad', 'akpek', 'akund', 'alack', 'alada', 'alani', 'alarm', 'albin', 'album', 'albus', 'albyn', 'alcae', 'aldim', 'aldol', 'aleck', 'aleft', 'aleph', 'algae', 'algal', 'algic', 'algic', 'algol', 'algor', 'alias', 'alice', 'alick', 'alida', 'alien', 'align', 'alkes', 'alkyl', 'alley', 'allot', 'allyl', 'alman', 'almon', 'almon', 'almud', 'almug', 'aloft', 'alois', 'aloof', 'alosa', 'aloud', 'alowe', 'alpen', 'alpid', 'altar', 'alter', 'altho', 'altun', 'aluco', 'alula', 'aluta', 'amadi', 'amain', 'amala', 'amang', 'amani', 'amara', 'amban', 'ambay', 'ambon', 'ambos', 'ambry', 'ameed', 'amend', 'amice', 'amigo', 'amnic', 'amole', 'among', 'amour', 'ample', 'ampul', 'amuck', 'amula', 'anabo', 'anama', 'ancha', 'ancon', 'anear', 'angel', 'angie', 'angka', 'angus', 'anice', 'anile', 'anime', 'anjou', 'ankee', 'anker', 'ankus', 'annal', 'annet', 'annoy', 'annul', 'anode', 'anoil', 'anole', 'anoli', 'anomy', 'ansel', 'anton', 'anury', 'anvil', 'aperu', 'apery', 'aphid', 'aping', 'apium', 'apnea', 'apoda', 'apoop', 'apout', 'appay', 'april', 'apron', 'aptal', 'arain', 'archy', 'archy', 'ardea', 'ardri', 'aread', 'arear', 'areca', 'areek', 'arend', 'areng', 'argal', 'argas', 'argil', 'argon', 'argot', 'argus', 'arhat', 'arion', 'arius', 'armed', 'armet', 'arnee', 'arnut', 'aroar', 'arpen', 'arras', 'arras', 'arrau', 'array', 'arris', 'arsis', 'arson', 'artha', 'aruac', 'aruke', 'arulo', 'arusa', 'arvel', 'aryan', 'asaph', 'ascan', 'ascii', 'ascon', 'ashen', 'ashes', 'ashir', 'askar', 'asker', 'askew', 'askip', 'asoak', 'asoka', 'assai', 'assay', 'astay', 'astor', 'aswim', 'athar', 'atilt', 'atlas', 'atlas', 'atman', 'atmid', 'atmos', 'atnah', 'atone', 'atony', 'atule', 'audio', 'audit', 'aueto', 'augen', 'augur', 'aulic', 'aulos', 'aumil', 'auryl', 'autem', 'avars', 'avast', 'avens', 'avick', 'avine', 'aviso', 'avoid', 'awald', 'awalt', 'awber', 'aweel', 'awhir', 'awned', 'awner', 'axiom', 'axion', 'axite', 'ayelp', 'ayllu', 'ayous', 'azofy', 'azoic', 'azote', 'azoth', 'azure', 'azyme', 'bacao', 'bache', 'badan', 'badge', 'baffy', 'bafta', 'bagel', 'bagre', 'bahai', 'baham', 'bahan', 'bahar', 'bahay', 'bahoe', 'bahoo', 'bahur', 'bahut', 'baioc', 'bairn', 'baize', 'bajau', 'bakal', 'baker', 'bakie', 'balai', 'balak', 'balan', 'balas', 'balky', 'baloo', 'balor', 'balow', 'balut', 'banak', 'banal', 'banat', 'banco', 'banda', 'banda', 'bandi', 'bando', 'banig', 'banjo', 'banky', 'bantu', 'banty', 'banya', 'bardo', 'bardy', 'baric', 'baris', 'barit', 'barky', 'barny', 'baroi', 'baron', 'barse', 'barth', 'bases', 'bason', 'basos', 'basso', 'batak', 'batan', 'batea', 'bathe', 'batik', 'baubo', 'bauch', 'bauta', 'bayal', 'bayok', 'beach', 'beala', 'beamy', 'beano', 'beant', 'beard', 'bearm', 'beast', 'beata', 'beata', 'beath', 'bebay', 'bebog', 'becap', 'becky', 'becut', 'bedel', 'beden', 'bedew', 'bedim', 'bedog', 'bedub', 'bedye', 'beech', 'beery', 'beeth', 'beety', 'befit', 'begad', 'begar', 'begat', 'beget', 'begum', 'beige', 'being', 'beira', 'beisa', 'bejan', 'bejig', 'belam', 'belga', 'belve', 'bemad', 'bemix', 'bemud', 'benab', 'bench', 'benda', 'benet', 'benin', 'benny', 'benny', 'bensh', 'beode', 'bepun', 'berat', 'beret', 'bergy', 'berne', 'beroe', 'berri', 'besan', 'besee', 'beset', 'besom', 'besra', 'bessi', 'bessy', 'betag', 'betso', 'betsy', 'bevue', 'bezzi', 'bhaga', 'bhara', 'bhima', 'bibio', 'bible', 'bichy', 'biddy', 'biddy', 'bidri', 'bifid', 'bigot', 'bijou', 'bikol', 'bilge', 'bilgy', 'bilic', 'bilin', 'bilio', 'billa', 'binge', 'biome', 'birch', 'biron', 'bisti', 'bitch', 'bitis', 'biune', 'bixin', 'bizen', 'black', 'blady', 'blain', 'blair', 'blair', 'blake', 'blake', 'bland', 'blare', 'blast', 'blazy', 'bleak', 'blear', 'bleat', 'bleck', 'bleed', 'blend', 'bless', 'blibe', 'blick', 'blind', 'bliss', 'blitz', 'blizz', 'blood', 'bloom', 'bluer', 'bluey', 'bluff', 'blunk', 'blush', 'blype', 'boast', 'bobac', 'bocca', 'bocce', 'bocoy', 'bogey', 'bogum', 'bohor', 'boily', 'bokom', 'boldo', 'bolly', 'boned', 'bongo', 'bongo', 'bonus', 'bonze', 'booky', 'booly', 'boone', 'boonk', 'boort', 'boose', 'boost', 'borak', 'borak', 'boral', 'boran', 'borgh', 'boris', 'boron', 'bosch', 'boser', 'bosky', 'bossy', 'bothy', 'bourd', 'bovid', 'bowed', 'bowla', 'boxen', 'boyar', 'bozal', 'braca', 'brach', 'bragi', 'brahm', 'braid', 'brain', 'brand', 'brash', 'brawl', 'braws', 'break', 'breck', 'brede', 'breed', 'breme', 'brent', 'brent', 'breth', 'brett', 'brett', 'breva', 'briar', 'bride', 'bride', 'brill', 'brine', 'brink', 'briny', 'brisk', 'brith', 'brizz', 'broch', 'broll', 'broma', 'bronc', 'brood', 'broon', 'brugh', 'bruin', 'bruit', 'bruke', 'bruno', 'brunt', 'bruta', 'bruzz', 'bryce', 'buaze', 'bucca', 'bucco', 'buchu', 'bucky', 'bucky', 'buddh', 'bugre', 'built', 'buist', 'bukat', 'bulak', 'bulge', 'bulgy', 'bunce', 'bunda', 'bundy', 'bunga', 'bungy', 'bunko', 'bunty', 'bunya', 'buran', 'burao', 'burgh', 'burin', 'burka', 'burnt', 'burro', 'burry', 'bursa', 'busby', 'bussu', 'butea', 'butsu', 'butyl', 'buxom', 'buyer', 'bylaw', 'bynin', 'byous', 'cabas', 'cabda', 'caber', 'cabin', 'cabio', 'cable', 'cabob', 'cabot', 'cacur', 'caddo', 'cader', 'cadew', 'cadge', 'cadgy', 'cadre', 'cadua', 'caeca', 'cafiz', 'cagey', 'cagit', 'cahot', 'caird', 'cairn', 'cajun', 'cajun', 'calas', 'calix', 'calla', 'calli', 'calmy', 'calor', 'calve', 'caman', 'camel', 'campo', 'candy', 'caner', 'canna', 'canna', 'canny', 'canoe', 'canso', 'caoba', 'caped', 'capon', 'capsa', 'carat', 'carbo', 'cardo', 'carid', 'carob', 'carol', 'carol', 'carum', 'caryl', 'casal', 'cased', 'catch', 'catha', 'catty', 'catty', 'cauda', 'cauld', 'cause', 'cavil', 'cawky', 'ccoya', 'cease', 'cebid', 'cebil', 'cebus', 'cedre', 'ceiba', 'ceibo', 'ceile', 'cello', 'cense', 'ceorl', 'ceral', 'cered', 'ceric', 'ceryl', 'chaft', 'chain', 'chait', 'chalk', 'champ', 'chang', 'chang', 'chank', 'chaos', 'chape', 'chara', 'chard', 'chare', 'charm', 'charr', 'chart', 'chary', 'chasm', 'chati', 'chauk', 'chawk', 'chazy', 'cheap', 'cheat', 'check', 'cheek', 'cheet', 'cheka', 'cheki', 'cheng', 'chera', 'chert', 'chevy', 'chiam', 'chick', 'chico', 'chico', 'chief', 'child', 'chili', 'chimu', 'chine', 'ching', 'chino', 'chint', 'chiot', 'chirk', 'chirm', 'chirr', 'chita', 'chlor', 'chock', 'choco', 'choel', 'choke', 'choky', 'chola', 'chola', 'choli', 'cholo', 'chopa', 'chora', 'chore', 'chort', 'chott', 'choup', 'chris', 'chuck', 'chuck', 'chude', 'chuff', 'chuje', 'chunk', 'churl', 'churn', 'chute', 'chyak', 'chyme', 'cibol', 'cicad', 'cider', 'cigua', 'cilia', 'cinct', 'circe', 'cisco', 'cista', 'civic', 'civil', 'claim', 'clamb', 'clame', 'clara', 'claro', 'clart', 'clasp', 'claut', 'clead', 'cleam', 'clear', 'cleck', 'cleek', 'cleft', 'clerk', 'cleve', 'click', 'clima', 'clime', 'clint', 'clite', 'cloam', 'clock', 'cloff', 'clomb', 'clone', 'cloot', 'cloth', 'cloud', 'clout', 'clump', 'clung', 'clyer', 'clype', 'cnida', 'coapt', 'cobia', 'cobra', 'cobus', 'cocci', 'codex', 'codol', 'cogue', 'cohen', 'coker', 'colic', 'colon', 'comal', 'comby', 'comes', 'comet', 'comic', 'comus', 'conch', 'coned', 'conto', 'cooba', 'cooky', 'coomb', 'coorg', 'coost', 'copra', 'copse', 'coque', 'corah', 'coree', 'corke', 'corny', 'corol', 'corps', 'coryl', 'cosec', 'costa', 'cotch', 'cotta', 'cotte', 'cotty', 'cotys', 'couch', 'cough', 'could', 'couma', 'count', 'coupe', 'courb', 'couth', 'covid', 'covin', 'coyol', 'coypu', 'craig', 'craps', 'crate', 'crawl', 'creak', 'cream', 'creat', 'creek', 'creek', 'creel', 'creen', 'crepe', 'crept', 'crepy', 'cress', 'creta', 'crete', 'cribo', 'crick', 'criey', 'crile', 'crime', 'crimp', 'crink', 'criss', 'crith', 'croak', 'croci', 'croft', 'crome', 'cronk', 'crony', 'crood', 'crool', 'croon', 'crosa', 'crown', 'cruce', 'cruck', 'cruel', 'cruet', 'crumb', 'crunt', 'cruor', 'cruse', 'crush', 'crust', 'ctene', 'cuban', 'cubby', 'cubeb', 'cuber', 'cubic', 'cubit', 'cuddy', 'cuddy', 'cujam', 'culet', 'culex', 'culla', 'cumar', 'cumay', 'cumbu', 'cumic', 'cumol', 'cumyl', 'cupay', 'cupid', 'curby', 'curch', 'curin', 'curio', 'curly', 'curry', 'cursa', 'curse', 'curst', 'curve', 'cushy', 'cusie', 'cusso', 'cutup', 'cycle', 'cymar', 'cymba', 'cymry', 'cypre', 'dabba', 'dacus', 'dafla', 'dagga', 'daily', 'dairy', 'daisy', 'daler', 'daman', 'damia', 'damme', 'danai', 'danda', 'dandy', 'danny', 'danta', 'daraf', 'darat', 'darby', 'darii', 'daroo', 'darts', 'daryl', 'dassy', 'dasya', 'dauby', 'daunt', 'dauri', 'dawut', 'deary', 'deave', 'debby', 'debby', 'decap', 'decke', 'decry', 'decus', 'decyl', 'defat', 'deice', 'deity', 'dekle', 'delay', 'della', 'delta', 'delta', 'demal', 'demit', 'demob', 'denda', 'denis', 'dense', 'depth', 'derah', 'desex', 'desma', 'dessa', 'deter', 'deuce', 'devil', 'devon', 'dewan', 'dewey', 'dhabb', 'dhyal', 'dicot', 'dicta', 'didie', 'didle', 'didym', 'diene', 'dieri', 'difda', 'diker', 'dilli', 'dimly', 'dimna', 'dimps', 'dinka', 'dinus', 'dione', 'diose', 'dioxy', 'dirca', 'disme', 'dital', 'divus', 'dixit', 'dizzy', 'djave', 'dodgy', 'doggo', 'dolph', 'domal', 'domic', 'dompt', 'donna', 'donna', 'dooja', 'dooli', 'dooly', 'dooms', 'doper', 'dopey', 'dorab', 'dorad', 'doris', 'dorty', 'douce', 'dowdy', 'dowed', 'downy', 'dowry', 'dowse', 'dozen', 'draff', 'draft', 'drago', 'drain', 'drake', 'drama', 'drate', 'drawk', 'drawl', 'dream', 'drear', 'dreep', 'drias', 'drift', 'drive', 'drool', 'dross', 'drouk', 'drove', 'drupe', 'druse', 'druse', 'druxy', 'duane', 'dubby', 'dubhe', 'duhat', 'duler', 'dulse', 'dumba', 'dumpy', 'dunne', 'dunny', 'duole', 'dupla', 'duple', 'duroc', 'durra', 'durry', 'durst', 'duryl', 'dusun', 'dwale', 'dwell', 'dwelt', 'dwine', 'dwyka', 'dyaus', 'dying', 'dyker', 'eared', 'earth', 'echea', 'echis', 'ecole', 'ectal', 'eddic', 'edema', 'edgar', 'edger', 'edith', 'edoni', 'edwin', 'egest', 'egypt', 'eight', 'eigne', 'eimak', 'eject', 'eking', 'ekron', 'elain', 'eland', 'elbow', 'elder', 'eldin', 'elect', 'elemi', 'elfic', 'elfin', 'elihu', 'eliza', 'elope', 'elops', 'elric', 'elute', 'elvan', 'elves', 'elvis', 'embar', 'embay', 'embed', 'ember', 'embog', 'embus', 'emcee', 'emend', 'emery', 'emery', 'emote', 'empty', 'enact', 'enage', 'enate', 'encup', 'endew', 'endue', 'eneas', 'engem', 'enjoy', 'enorm', 'enray', 'enrib', 'enrol', 'enrut', 'ensky', 'ental', 'entry', 'enure', 'epact', 'ephod', 'epoch', 'epode', 'epulo', 'equid', 'erbia', 'ergon', 'erica', 'erick', 'ernst', 'erode', 'erose', 'error', 'ersar', 'eruca', 'eruca', 'ervum', 'esere', 'essed', 'essie', 'estop', 'ethal', 'ethan', 'ethel', 'ethel', 'ether', 'ethid', 'ethos', 'etude', 'eurus', 'eusol', 'evens', 'event', 'evict', 'evoke', 'excel', 'exeat', 'exist', 'expel', 'exult', 'faced', 'facer', 'facks', 'facty', 'faded', 'faffy', 'fagus', 'fairm', 'fairy', 'falco', 'fally', 'false', 'fanam', 'fangy', 'fanti', 'farad', 'farce', 'farde', 'fardh', 'farsi', 'fatal', 'fated', 'fatly', 'faugh', 'fault', 'faust', 'fauve', 'favor', 'fawny', 'fecal', 'fedia', 'feedy', 'feeze', 'feign', 'feist', 'felis', 'felon', 'felup', 'femic', 'fendy', 'ferio', 'fetus', 'feuar', 'feued', 'fiard', 'fibry', 'fichu', 'ficus', 'fidge', 'field', 'fiend', 'fient', 'fifer', 'fifth', 'fifty', 'figgy', 'fight', 'fikie', 'filch', 'filmy', 'finch', 'fingu', 'finis', 'firca', 'firry', 'firth', 'fishy', 'fitly', 'fixed', 'fjeld', 'flair', 'flaky', 'flamy', 'flary', 'fleer', 'fleet', 'flesh', 'fleta', 'flick', 'flier', 'fling', 'flint', 'flisk', 'float', 'flong', 'flora', 'flora', 'flosh', 'floss', 'flota', 'fluid', 'fluke', 'fluky', 'flump', 'flunk', 'fluor', 'flurn', 'flush', 'flute', 'focal', 'fodda', 'foder', 'fodge', 'foggy', 'fogle', 'fogon', 'fogou', 'fohat', 'foist', 'foist', 'foldy', 'fomes', 'fondu', 'forby', 'force', 'fordo', 'fordy', 'forge', 'forky', 'forme', 'forth', 'forum', 'fosie', 'fotch', 'found', 'foute', 'fovea', 'frack', 'fraid', 'frail', 'frase', 'frayn', 'freck', 'freer', 'fremd', 'freya', 'friar', 'fried', 'frier', 'frist', 'fritt', 'froth', 'frowl', 'frowy', 'frump', 'fubsy', 'fucus', 'fuder', 'fudge', 'fugal', 'fuggy', 'fugle', 'fugue', 'fulah', 'fultz', 'fulup', 'fumer', 'fumet', 'fungo', 'funje', 'funky', 'fural', 'furca', 'furil', 'fusil', 'futwa', 'gadus', 'gaffe', 'gagee', 'gaine', 'gains', 'galah', 'galei', 'galen', 'galet', 'galga', 'galik', 'galop', 'gamba', 'gamin', 'ganef', 'ganta', 'gapes', 'garle', 'gashy', 'gaspy', 'gauby', 'gauge', 'gaunt', 'gaura', 'gauss', 'gayal', 'gebur', 'gecko', 'gelid', 'gemma', 'gemma', 'gemot', 'gemul', 'genet', 'genic', 'genin', 'genoa', 'genom', 'genty', 'genua', 'genus', 'geoff', 'geoid', 'geoty', 'gerbe', 'gerim', 'gesso', 'getup', 'ghoom', 'ghost', 'ghoul', 'gibby', 'gibel', 'giber', 'gilia', 'gilia', 'gilim', 'gilse', 'ginny', 'ginny', 'gipon', 'gippy', 'girba', 'girny', 'girse', 'girsh', 'gisla', 'giver', 'givey', 'glack', 'glade', 'glady', 'glaik', 'glans', 'glaum', 'glaur', 'glaux', 'glean', 'gleba', 'glebe', 'glede', 'gleek', 'glenn', 'glial', 'gliff', 'glint', 'gloam', 'globe', 'globy', 'glore', 'glory', 'gluck', 'glued', 'gluer', 'gluma', 'glume', 'glynn', 'gnarl', 'gnash', 'gnawn', 'gnome', 'goala', 'gobbe', 'gobby', 'goldy', 'goldy', 'golpe', 'gomer', 'goner', 'goods', 'gools', 'goose', 'goosy', 'gorce', 'gorra', 'gorry', 'gorse', 'gorsy', 'gotha', 'gotra', 'goudy', 'gouge', 'goura', 'gowan', 'goyim', 'goyle', 'grace', 'grace', 'grain', 'grame', 'grano', 'grant', 'grant', 'grapy', 'grate', 'grebe', 'grebo', 'grece', 'greek', 'greet', 'grege', 'greta', 'gride', 'grief', 'griff', 'griff', 'grind', 'gripy', 'grist', 'grits', 'groat', 'groff', 'grope', 'gross', 'grubs', 'grues', 'gruis', 'grume', 'gruss', 'guaba', 'guama', 'guana', 'guana', 'guard', 'guasa', 'guato', 'gubbo', 'gucki', 'gudok', 'guide', 'guige', 'guijo', 'guild', 'guily', 'gulae', 'gular', 'gules', 'gulfy', 'gulix', 'gumby', 'gumma', 'gummy', 'gundi', 'gundy', 'gunge', 'gurge', 'gusla', 'gusle', 'gusty', 'gutta', 'gutte', 'gutty', 'guzul', 'gweed', 'gwely', 'gyges', 'gygis', 'gynic', 'gyppo', 'gypsy', 'gypsy', 'gyron', 'gyrus', 'habab', 'habbe', 'habit', 'hadji', 'haida', 'haily', 'haire', 'hakam', 'hakea', 'hakim', 'halal', 'halch', 'hamel', 'hance', 'hange', 'hanse', 'hanse', 'haole', 'haoma', 'haori', 'haply', 'harpa', 'hashy', 'hasty', 'hathi', 'hatti', 'haulm', 'hausa', 'havoc', 'hawok', 'hazle', 'heady', 'heald', 'heapy', 'heart', 'hecte', 'hedge', 'hedgy', 'hefty', 'heiau', 'heidi', 'heigh', 'helge', 'hello', 'heloe', 'hemal', 'hemen', 'hemol', 'henad', 'hence', 'henna', 'hepar', 'herby', 'herma', 'hertz', 'heuau', 'heugh', 'hewel', 'hexyl', 'hiant', 'hiate', 'hilda', 'hilsa', 'hilum', 'hilus', 'hinau', 'hindi', 'hindu', 'hiper', 'hired', 'hispa', 'hives', 'hoard', 'hoary', 'hogan', 'hoick', 'hokan', 'hokey', 'holey', 'holia', 'homam', 'honda', 'honey', 'hoofs', 'hoped', 'hoper', 'horim', 'horny', 'horse', 'horst', 'horst', 'hotta', 'house', 'howdy', 'howea', 'howel', 'howso', 'hsuan', 'hucho', 'humbo', 'humic', 'humin', 'humph', 'hunch', 'hunks', 'huron', 'huron', 'husho', 'husky', 'husky', 'hutch', 'hyena', 'hying', 'hylic', 'iambi', 'iberi', 'iceni', 'ichor', 'iddio', 'idgah', 'idler', 'igara', 'igdyr', 'ihram', 'ikona', 'ileum', 'ilian', 'image', 'imago', 'imber', 'imine', 'imino', 'immew', 'immit', 'imply', 'impot', 'inaja', 'inane', 'inarm', 'incan', 'incus', 'index', 'india', 'indue', 'indus', 'inept', 'ineri', 'infer', 'infit', 'infix', 'inger', 'inial', 'inigo', 'inion', 'inken', 'inkle', 'inkra', 'inner', 'innet', 'input', 'inrun', 'inula', 'inure', 'inurn', 'iodic', 'ionic', 'ionic', 'iphis', 'irani', 'iraqi', 'irene', 'irene', 'irgun', 'irian', 'iroko', 'irone', 'irpex', 'irvin', 'issue', 'istle', 'ivied', 'ivory', 'ixion', 'ixora', 'izard', 'izumi', 'jabul', 'jacko', 'jacob', 'jagat', 'jagir', 'jagla', 'jaime', 'jaina', 'jakob', 'jambo', 'james', 'jamie', 'janos', 'japan', 'japan', 'japyx', 'jarmo', 'jasey', 'jaunt', 'jawab', 'jeans', 'jeery', 'jehup', 'jelab', 'jelly', 'jemmy', 'jemmy', 'jenny', 'jenny', 'jerky', 'jesse', 'jesus', 'jibby', 'jihad', 'jingo', 'jinja', 'jinks', 'jodel', 'jonah', 'jones', 'joshi', 'josip', 'jotty', 'juang', 'jubbe', 'judah', 'judas', 'judex', 'jugum', 'juicy', 'julep', 'julie', 'julio', 'julus', 'jumba', 'junco', 'junta', 'junto', 'jupon', 'jurel', 'justo', 'jutic', 'juyas', 'kadmi', 'kados', 'kahau', 'kaimo', 'kamao', 'kamba', 'kanae', 'kande', 'kapai', 'kappa', 'karma', 'kashi', 'kassu', 'kathy', 'katie', 'katik', 'kayak', 'kayan', 'kebab', 'kedar', 'kefti', 'keita', 'keith', 'kelep', 'kelty', 'kempt', 'kenaf', 'kenai', 'kerel', 'keres', 'keryx', 'ketal', 'ketch', 'ketol', 'kette', 'ketty', 'kevin', 'kevyn', 'khadi', 'khair', 'khoja', 'khoja', 'khond', 'khuai', 'khuzi', 'khvat', 'kieye', 'kikar', 'kikki', 'kilan', 'kiley', 'kimmo', 'kinah', 'kinky', 'kiosk', 'kippy', 'kishy', 'kitab', 'kithe', 'kitty', 'kitty', 'klops', 'knack', 'knape', 'knead', 'kneed', 'knelt', 'kniaz', 'knock', 'knoll', 'knout', 'knute', 'kodak', 'kodak', 'kohua', 'koila', 'kokil', 'kokio', 'kokra', 'kolis', 'konak', 'koppa', 'korah', 'korec', 'korin', 'kosin', 'kotal', 'koyan', 'kraft', 'krait', 'kreis', 'krems', 'kreng', 'krepi', 'krina', 'krone', 'krosa', 'kudzu', 'kugel', 'kukri', 'kulak', 'kuman', 'kumbi', 'kumni', 'kumyk', 'kunbi', 'kusam', 'kusha', 'kusum', 'kusum', 'kyack', 'kylix', 'kyrie', 'laang', 'laban', 'labis', 'lacer', 'lache', 'lacis', 'laden', 'lader', 'ladik', 'laeti', 'laich', 'laigh', 'laine', 'lakie', 'lamba', 'lamba', 'lamin', 'lammy', 'lamut', 'lanas', 'lance', 'lance', 'langi', 'lango', 'lanky', 'lanum', 'lapon', 'lapse', 'lapsi', 'larch', 'large', 'largo', 'larid', 'larin', 'larky', 'larry', 'larry', 'larus', 'lasso', 'later', 'latex', 'lathe', 'lathy', 'latin', 'laugh', 'leafy', 'leant', 'learn', 'leath', 'leban', 'ledge', 'ledgy', 'ledum', 'leeky', 'leery', 'leges', 'leggy', 'legit', 'legoa', 'leigh', 'leila', 'leith', 'lekha', 'lemna', 'lenad', 'lenca', 'lendu', 'lenis', 'lenny', 'lenth', 'lento', 'lerwa', 'lesgh', 'lethe', 'letty', 'leuch', 'levee', 'levin', 'levir', 'levis', 'lexia', 'lhota', 'liard', 'libby', 'libra', 'libra', 'lichi', 'licit', 'liesh', 'lifer', 'light', 'ligne', 'liken', 'lilac', 'liman', 'limax', 'limbu', 'limby', 'limes', 'limpy', 'linda', 'linen', 'liner', 'linet', 'linge', 'lingo', 'lingy', 'linha', 'links', 'lisle', 'lisle', 'litas', 'liter', 'lithi', 'litra', 'lived', 'livid', 'livor', 'livre', 'llano', 'lloyd', 'loach', 'lobal', 'lobar', 'lobby', 'lobed', 'locum', 'lofty', 'logos', 'lohan', 'lohar', 'lokao', 'longa', 'looby', 'loony', 'loose', 'loppy', 'loren', 'loris', 'lorry', 'lorum', 'losel', 'lotus', 'louie', 'louis', 'loupe', 'lowth', 'loxia', 'lubra', 'lucan', 'lucid', 'lucky', 'lucre', 'luffa', 'luger', 'luian', 'luite', 'lukas', 'lulab', 'lumen', 'lummy', 'lunch', 'lunda', 'lunge', 'lungy', 'lupus', 'lurch', 'lurky', 'lusky', 'luteo', 'lyery', 'lymph', 'lynch', 'lynne', 'lyric', 'lysis', 'lytta', 'macaw', 'machi', 'macle', 'macon', 'macro', 'madam', 'madly', 'madoc', 'mafic', 'magas', 'magma', 'mahra', 'maidu', 'maine', 'mains', 'major', 'major', 'makua', 'malay', 'maleo', 'malik', 'malty', 'malus', 'mamba', 'manas', 'manga', 'mangi', 'mango', 'manic', 'manid', 'manly', 'manna', 'manoc', 'manto', 'manto', 'manul', 'mapau', 'maqui', 'maral', 'march', 'march', 'marco', 'marco', 'marek', 'maria', 'maria', 'marie', 'mario', 'marli', 'marok', 'marsh', 'marsh', 'martu', 'marty', 'masai', 'mason', 'mason', 'matai', 'matar', 'matey', 'matin', 'matra', 'matsu', 'matzo', 'maugh', 'mayan', 'mayey', 'maynt', 'mazda', 'mbori', 'mckay', 'mealy', 'meaty', 'mecon', 'medal', 'media', 'media', 'medic', 'medic', 'medio', 'melam', 'melas', 'melch', 'melee', 'melia', 'melic', 'meloe', 'mende', 'mendi', 'menic', 'mensa', 'merak', 'merch', 'mercy', 'mergh', 'merit', 'meros', 'mesad', 'mesal', 'mesem', 'meshy', 'mesic', 'mesne', 'metal', 'metel', 'metic', 'metis', 'metra', 'meuse', 'miami', 'miaow', 'miasm', 'micht', 'micro', 'midgy', 'mikey', 'mikir', 'miles', 'milha', 'mille', 'mimic', 'mimus', 'mines', 'mingy', 'minim', 'minos', 'minus', 'mirac', 'mirid', 'misky', 'misty', 'mitis', 'mitua', 'mneme', 'mnium', 'mobed', 'moble', 'mocoa', 'modal', 'modoc', 'mohel', 'moire', 'moise', 'moism', 'moity', 'molar', 'molge', 'molka', 'monal', 'monas', 'monte', 'montu', 'mooch', 'mools', 'moore', 'moorn', 'moory', 'moosa', 'mooth', 'moppy', 'mopsy', 'morel', 'moric', 'morne', 'moron', 'morth', 'moses', 'mosgu', 'mossi', 'mosur', 'motel', 'motey', 'motte', 'moudy', 'mount', 'mourn', 'mowha', 'mowie', 'moyen', 'mucic', 'mucin', 'mucor', 'mucro', 'mucus', 'mudde', 'mudra', 'mukti', 'mulch', 'mulct', 'mulga', 'mulse', 'mumps', 'munda', 'munga', 'munia', 'muong', 'murat', 'murex', 'murga', 'murph', 'murra', 'musar', 'musci', 'mused', 'musgu', 'music', 'musky', 'muter', 'myall', 'myoid', 'myoma', 'myrrh', 'nabal', 'nabby', 'nabob', 'nacre', 'nacry', 'naght', 'nagor', 'nahor', 'nahum', 'naiad', 'naias', 'naive', 'naked', 'nakoo', 'namaz', 'nambe', 'namda', 'nancy', 'nancy', 'nandu', 'nanes', 'naomi', 'naoto', 'nappe', 'naric', 'nasab', 'nasch', 'natal', 'natal', 'nathe', 'natty', 'navet', 'nayar', 'nazir', 'nebby', 'neddy', 'needs', 'neele', 'neffy', 'neger', 'neigh', 'nenta', 'neoza', 'nepal', 'neper', 'nerve', 'neter', 'neuma', 'neume', 'nevoy', 'newsy', 'nexum', 'ngaio', 'ngoko', 'niata', 'nibby', 'nicol', 'nidge', 'niels', 'niepa', 'nific', 'nifty', 'nigel', 'nigua', 'nikau', 'nikko', 'nimbi', 'nintu', 'niota', 'nippy', 'nisse', 'nisus', 'niter', 'nitty', 'niuan', 'nival', 'nixie', 'nizam', 'nizam', 'nobby', 'nobly', 'noded', 'noemi', 'noint', 'noise', 'noisy', 'nolle', 'nomad', 'nomic', 'nomos', 'nonce', 'nonly', 'nonyl', 'noose', 'nopal', 'norah', 'norna', 'norse', 'norsk', 'nosed', 'noser', 'nosey', 'noted', 'notus', 'noyau', 'nubia', 'nucal', 'nucha', 'nucin', 'nullo', 'numda', 'numen', 'numud', 'nyaya', 'nymil', 'nymph', 'nyoro', 'nyssa', 'oaken', 'oaric', 'oasal', 'oasis', 'obese', 'obley', 'obole', 'occur', 'ocean', 'ochna', 'ocote', 'octan', 'octet', 'odeon', 'odium', 'odoom', 'oecus', 'oenin', 'offal', 'oghuz', 'ogive', 'ogler', 'ogmic', 'ohmic', 'oisin', 'okapi', 'olcha', 'olchi', 'oleic', 'olein', 'olena', 'olent', 'oliva', 'oliva', 'olive', 'olive', 'ollie', 'ology', 'olona', 'olson', 'omani', 'omega', 'omina', 'omlah', 'oncia', 'onium', 'onkos', 'onymy', 'oopod', 'opera', 'ophis', 'opine', 'optic', 'orach', 'orage', 'orary', 'orbic', 'organ', 'orgia', 'orgue', 'orion', 'orris', 'orson', 'ortho', 'ortol', 'ortyx', 'oryza', 'oscan', 'oscar', 'osmic', 'osmin', 'osset', 'otate', 'othin', 'otkon', 'otomi', 'ottar', 'otter', 'ounce', 'ounds', 'ouphe', 'ourie', 'outby', 'outen', 'outgo', 'outly', 'ouzel', 'ovate', 'overt', 'ovest', 'ovoid', 'ovule', 'owght', 'owing', 'oxane', 'oxbow', 'oxboy', 'oxeye', 'oxfly', 'oxide', 'oxlip', 'oyana', 'ozone', 'pablo', 'pablo', 'pacay', 'pacht', 'paddy', 'paddy', 'padle', 'paean', 'pahmi', 'paint', 'paisa', 'palay', 'palch', 'paled', 'palli', 'pallu', 'palma', 'pangi', 'panse', 'parel', 'paren', 'pargo', 'parle', 'parol', 'parsi', 'parto', 'parus', 'pasul', 'patas', 'patel', 'paten', 'pater', 'pathy', 'patly', 'pattu', 'pauxi', 'pavid', 'payee', 'payni', 'peaky', 'pearl', 'peasy', 'peban', 'pecht', 'pedee', 'pedro', 'pedro', 'pedum', 'peeoy', 'peggy', 'peggy', 'peine', 'pekan', 'penda', 'penis', 'penny', 'penny', 'pensy', 'penta', 'peony', 'perca', 'perdu', 'perla', 'perty', 'perun', 'pesah', 'pesky', 'peste', 'petit', 'petre', 'pewee', 'pewit', 'pfund', 'phaet', 'phage', 'phare', 'phase', 'pheal', 'phebe', 'pheny', 'pheon', 'phial', 'phoby', 'phone', 'phono', 'phony', 'phose', 'phyla', 'phyle', 'phyma', 'physa', 'piano', 'picae', 'pical', 'pidan', 'piezo', 'piked', 'pilea', 'piled', 'pilon', 'pilot', 'pilot', 'pilus', 'pinal', 'pinax', 'pindy', 'piney', 'pinon', 'pinta', 'pinte', 'pinto', 'pinyl', 'pioxe', 'pipal', 'piped', 'pipet', 'pirol', 'pisan', 'pishu', 'pitau', 'pithy', 'piuri', 'plait', 'plant', 'plasm', 'plate', 'playa', 'plead', 'plebe', 'pleny', 'pleon', 'pliny', 'plomb', 'plook', 'plote', 'pluma', 'plumy', 'pluto', 'poach', 'podgy', 'poesy', 'pogge', 'pohna', 'poker', 'polab', 'polly', 'polos', 'polyp', 'pomak', 'pombe', 'pomme', 'pompa', 'ponca', 'pondo', 'ponga', 'ponja', 'pooli', 'pooly', 'porch', 'pored', 'porta', 'posit', 'poter', 'potoo', 'poult', 'praam', 'prase', 'praya', 'prest', 'prexy', 'prich', 'pridy', 'prink', 'prism', 'prius', 'proem', 'props', 'prosy', 'prote', 'proto', 'prude', 'prudy', 'pryer', 'pshaw', 'pubal', 'pubic', 'pubis', 'pudgy', 'puker', 'pulka', 'punic', 'punta', 'purdy', 'pursy', 'pyche', 'pygmy', 'pygmy', 'pylar', 'pylon', 'pyral', 'pyran', 'pyxie', 'pyxis', 'pyxis', 'quack', 'quark', 'quart', 'quash', 'quegh', 'quell', 'querl', 'queue', 'quiet', 'quiff', 'quint', 'quirk', 'quits', 'quoit', 'quota', 'quoth', 'qurti', 'rabat', 'rabic', 'rabid', 'rache', 'racon', 'radek', 'radio', 'radix', 'rafty', 'raggy', 'rahul', 'raiae', 'rainy', 'raise', 'rajah', 'rajah', 'rakan', 'rakit', 'ramal', 'raman', 'rambo', 'ramed', 'ramet', 'ramex', 'ramie', 'ramon', 'ramus', 'rangy', 'ranid', 'raphe', 'rasse', 'ratal', 'ratti', 'ratty', 'raupo', 'ravel', 'raven', 'rayan', 'razoo', 'react', 'realm', 'reamy', 'reask', 'rebag', 'rebar', 'rebeg', 'rebel', 'rebid', 'rebob', 'rebud', 'rebus', 'rebut', 'recce', 'recco', 'reccy', 'recon', 'recta', 'recti', 'recto', 'recur', 'recut', 'redan', 'reddy', 'redig', 'redox', 'redry', 'redue', 'redye', 'reedy', 'reese', 'reest', 'refan', 'refit', 'refly', 'regal', 'regia', 'regin', 'regle', 'regur', 'reify', 'relax', 'remus', 'reneg', 'renew', 'repay', 'repic', 'reply', 'repot', 'reree', 'rerub', 'resaw', 'resex', 'resue', 'retag', 'rethe', 'retia', 'retie', 'retip', 'retry', 'rheae', 'rheen', 'rhino', 'rhoda', 'rhomb', 'rhumb', 'riata', 'ricey', 'richt', 'ricky', 'riden', 'ridgy', 'rifle', 'rigid', 'riley', 'rimal', 'rinch', 'rinde', 'rindy', 'ringy', 'rinse', 'ripen', 'rishi', 'risky', 'ritzy', 'rivel', 'roach', 'roast', 'robin', 'robin', 'robur', 'rocky', 'rocta', 'rodeo', 'rohan', 'rohun', 'rokee', 'rokey', 'roleo', 'rolfe', 'rollo', 'romal', 'roman', 'romeo', 'romic', 'rompu', 'ronco', 'rooky', 'roost', 'rooty', 'ropes', 'rosal', 'rotor', 'rotse', 'rouge', 'rough', 'round', 'rouse', 'route', 'rowdy', 'rowed', 'rowel', 'rowet', 'ruach', 'ruble', 'rubor', 'rubus', 'rudas', 'ruddy', 'rufus', 'rufus', 'rugby', 'ruggy', 'ruing', 'rumal', 'ruman', 'rumbo', 'rumly', 'rumor', 'runby', 'runch', 'rundi', 'runed', 'runny', 'runty', 'rupee', 'rushy', 'rusma', 'rusot', 'rutty', 'rutyl', 'ruvid', 'sabal', 'sable', 'sabot', 'sacae', 'sacro', 'sadhu', 'sadic', 'safen', 'sagai', 'sahme', 'saidi', 'saiga', 'saiid', 'saimy', 'saiph', 'sakel', 'salal', 'salat', 'salay', 'salep', 'salix', 'salix', 'salle', 'salon', 'salpa', 'salpa', 'salta', 'salva', 'salvo', 'salvy', 'samal', 'sambo', 'sambo', 'samen', 'samir', 'sammy', 'sammy', 'sanai', 'sanct', 'santo', 'sapek', 'sargo', 'sarif', 'sarip', 'saron', 'saros', 'saruk', 'saugh', 'sauld', 'sault', 'saury', 'saute', 'sauty', 'saved', 'savor', 'scads', 'scald', 'scale', 'scalt', 'scaly', 'scape', 'scare', 'scart', 'scary', 'scaul', 'scaur', 'scaut', 'scawd', 'sceat', 'scend', 'scent', 'schuh', 'scind', 'scion', 'sciot', 'sclaw', 'sclim', 'scoff', 'scoke', 'scolb', 'scoop', 'scops', 'score', 'scorn', 'scote', 'scots', 'scouk', 'scout', 'scrab', 'scrae', 'scrag', 'scrat', 'scree', 'scrim', 'scrip', 'scrob', 'scudi', 'scudo', 'scuft', 'scull', 'scute', 'seary', 'seavy', 'secre', 'sedge', 'sedum', 'sedum', 'seedy', 'seenu', 'seepy', 'seine', 'seism', 'sekar', 'sella', 'selli', 'selva', 'semen', 'semic', 'senam', 'sepad', 'sepal', 'sepia', 'septa', 'septi', 'serab', 'sereh', 'serge', 'serge', 'seric', 'serra', 'serum', 'serut', 'sesti', 'sewan', 'sewed', 'sexly', 'sexto', 'sfoot', 'shack', 'shade', 'shady', 'shake', 'shako', 'shaky', 'shang', 'shape', 'shape', 'shapy', 'shari', 'sharp', 'sheaf', 'sheal', 'shean', 'sheep', 'shelf', 'shemu', 'sheth', 'shiah', 'shiel', 'shilh', 'shina', 'shine', 'shiny', 'shire', 'shirk', 'shirr', 'shirt', 'shita', 'shoad', 'shoer', 'shole', 'shone', 'shood', 'shooi', 'shool', 'shoor', 'shorn', 'short', 'shown', 'showy', 'shraf', 'shrew', 'shrip', 'shrog', 'shrub', 'shrug', 'shuba', 'shune', 'shunt', 'shurf', 'shyam', 'shyly', 'sibby', 'sibyl', 'sicca', 'sicel', 'sided', 'sides', 'sidhe', 'sidth', 'siena', 'sifac', 'sight', 'sigil', 'sigla', 'silen', 'silly', 'silva', 'simal', 'simar', 'simia', 'simon', 'sinew', 'singh', 'sinic', 'sinky', 'sinto', 'sintu', 'sipid', 'siren', 'sirky', 'siroc', 'sitao', 'sitar', 'sitio', 'situs', 'sivan', 'sixte', 'sixth', 'sixty', 'sized', 'sjaak', 'skair', 'skart', 'skate', 'skeed', 'skeeg', 'skeel', 'skeen', 'skein', 'skell', 'skewl', 'skewy', 'skice', 'skidi', 'skied', 'skier', 'skies', 'skiff', 'skift', 'skill', 'skink', 'skirl', 'skirp', 'skirr', 'skoal', 'skulk', 'skull', 'skunk', 'skyey', 'skyre', 'slade', 'slain', 'slait', 'slaky', 'slant', 'slape', 'slare', 'slate', 'slath', 'slaty', 'slaum', 'slave', 'slave', 'sleck', 'sleep', 'slent', 'slete', 'slice', 'slich', 'slick', 'slide', 'slimy', 'sline', 'sloan', 'slock', 'sloka', 'sloke', 'sloth', 'slour', 'slung', 'slunk', 'slyly', 'smaik', 'smash', 'smear', 'smell', 'smelt', 'smeth', 'smith', 'smoke', 'smolt', 'smurr', 'smush', 'smyth', 'snafu', 'snail', 'snake', 'snaky', 'snarl', 'snath', 'snead', 'sneak', 'sneap', 'sneck', 'sneer', 'snide', 'sniff', 'snipy', 'snock', 'snoek', 'snoga', 'snoop', 'snowl', 'snurl', 'snurp', 'snurt', 'sobby', 'sober', 'socii', 'socle', 'sodio', 'sodom', 'sofar', 'softa', 'softy', 'soken', 'solan', 'soldi', 'soles', 'solio', 'solio', 'solod', 'somal', 'somal', 'songo', 'songy', 'sonja', 'sonny', 'sonny', 'sooke', 'sooky', 'sooth', 'sophy', 'sophy', 'sorda', 'sorex', 'sorty', 'sosia', 'sotik', 'sowel', 'sowte', 'soyot', 'space', 'space', 'spacy', 'spade', 'spaid', 'spale', 'spang', 'spare', 'spary', 'spate', 'speak', 'speal', 'spece', 'speck', 'speed', 'spelk', 'spent', 'spewy', 'sphex', 'spiel', 'spiky', 'spilt', 'spiry', 'splet', 'spock', 'spode', 'spoil', 'spoky', 'spong', 'spoor', 'sposh', 'spray', 'sprig', 'sprit', 'sprod', 'sprue', 'spumy', 'spurl', 'sputa', 'squab', 'squad', 'squat', 'squib', 'squin', 'squit', 'stacy', 'stage', 'stalk', 'stang', 'stank', 'stare', 'stark', 'starn', 'stash', 'stays', 'stead', 'steak', 'stech', 'steek', 'steel', 'steen', 'steen', 'stein', 'stein', 'stela', 'stele', 'steng', 'stere', 'stert', 'stewy', 'stick', 'stiff', 'stile', 'still', 'stimy', 'stint', 'stion', 'stipa', 'stoat', 'stole', 'stong', 'stony', 'stood', 'stool', 'store', 'stork', 'strag', 'strap', 'stret', 'strew', 'stria', 'strig', 'strom', 'stroy', 'strub', 'strue', 'strum', 'strut', 'stude', 'stuff', 'stulm', 'stump', 'stunt', 'sturk', 'subra', 'sucre', 'suddy', 'sudic', 'sudra', 'sudsy', 'suede', 'suety', 'sugan', 'suing', 'suity', 'sulea', 'sulfa', 'sully', 'sumac', 'sumph', 'sunni', 'sunny', 'sunup', 'surah', 'surfy', 'surge', 'surya', 'sutra', 'suyog', 'swami', 'sward', 'sweet', 'swish', 'swiss', 'swiss', 'sword', 'swosh', 'sybil', 'sycon', 'sylva', 'syrup', 'tabby', 'tabby', 'tabet', 'tabid', 'tabla', 'table', 'tabog', 'tache', 'tacso', 'tagal', 'taily', 'taino', 'tairn', 'taise', 'takar', 'taken', 'taker', 'talak', 'talar', 'tally', 'talma', 'talon', 'talpa', 'tamas', 'tamil', 'tamul', 'tanak', 'tanan', 'tanga', 'tangi', 'tangy', 'tansy', 'taraf', 'tarai', 'tareq', 'targe', 'tarie', 'tarok', 'tarry', 'tarse', 'tarsi', 'tasco', 'tasse', 'taube', 'taula', 'tauli', 'tawgi', 'tawie', 'tawse', 'taxed', 'taxor', 'tayir', 'tayra', 'tchai', 'teach', 'teaer', 'teaey', 'teave', 'tebet', 'techy', 'tecla', 'tecon', 'tedge', 'teeny', 'tegua', 'teind', 'tejon', 'tejon', 'telei', 'tellt', 'teman', 'teman', 'temin', 'tempi', 'tempo', 'temse', 'tenai', 'tench', 'tenon', 'tenth', 'tepal', 'tepid', 'terap', 'teras', 'terma', 'terne', 'terry', 'terry', 'terse', 'testy', 'teton', 'texas', 'thais', 'thane', 'tharf', 'thatn', 'thave', 'thawy', 'theah', 'theer', 'theow', 'these', 'theta', 'thewy', 'thick', 'thief', 'thigh', 'thilk', 'thine', 'thiol', 'thirl', 'thirt', 'thisn', 'thole', 'tholi', 'thone', 'thong', 'thoom', 'thrap', 'threw', 'thrip', 'throb', 'throe', 'throu', 'thrum', 'thuja', 'thule', 'thumb', 'thump', 'thung', 'thuoc', 'thurl', 'thurm', 'thymy', 'tiang', 'tiara', 'tibbu', 'tibby', 'tibet', 'tibey', 'ticca', 'ticer', 'ticul', 'tided', 'tigua', 'tikor', 'tilly', 'tilth', 'tilty', 'timbe', 'timbo', 'timed', 'times', 'timne', 'timon', 'timon', 'tingi', 'tinny', 'tinty', 'tiple', 'tipsy', 'tirma', 'title', 'titre', 'tlaco', 'today', 'toddy', 'tokay', 'tokay', 'token', 'tolly', 'tolyl', 'tombe', 'tommy', 'tommy', 'toned', 'tonna', 'tonus', 'toosh', 'toper', 'topsy', 'toque', 'torah', 'torii', 'torma', 'torse', 'torsk', 'toshy', 'totem', 'totum', 'tough', 'tould', 'touse', 'towai', 'towan', 'towel', 'toxic', 'toxin', 'toyon', 'tozee', 'trace', 'track', 'tracy', 'trady', 'tragi', 'train', 'trame', 'tramp', 'trash', 'trasy', 'trawl', 'treen', 'tress', 'trews', 'tribe', 'trica', 'trick', 'trill', 'trior', 'tripy', 'troca', 'trogs', 'troic', 'trona', 'truck', 'trull', 'trush', 'truth', 'tryma', 'tsuga', 'tuarn', 'tubba', 'tubby', 'tubig', 'tubik', 'tucum', 'tufan', 'tufty', 'tugui', 'tukra', 'tulip', 'tulsi', 'tumid', 'tummy', 'tunca', 'tungo', 'tupek', 'turbo', 'turbo', 'turco', 'turco', 'turfy', 'turio', 'turki', 'turns', 'tusky', 'tutly', 'tutor', 'tutti', 'tuzla', 'twain', 'twale', 'twang', 'tweag', 'tweed', 'tweeg', 'twice', 'twiny', 'tyche', 'tying', 'tyken', 'tyler', 'typha', 'typic', 'tzaam', 'uayeb', 'uckia', 'udasi', 'uhlan', 'ulcer', 'ulmic', 'ulmus', 'ulnad', 'ulnae', 'uloid', 'uluhi', 'ulvan', 'umaua', 'umbel', 'umble', 'umiak', 'umpty', 'unact', 'unadd', 'unami', 'unark', 'unarm', 'unary', 'unbag', 'unbay', 'unbid', 'unbog', 'unbow', 'unboy', 'unbud', 'uncle', 'uncoy', 'uncus', 'uncut', 'unden', 'under', 'undon', 'undry', 'undye', 'uneye', 'unfed', 'unfix', 'unfur', 'unget', 'ungka', 'ungod', 'ungot', 'ungum', 'unhad', 'unhap', 'unhat', 'unhot', 'unify', 'uninn', 'unite', 'unity', 'unjam', 'unken', 'unkin', 'unlap', 'unlay', 'unled', 'unlid', 'unmad', 'unman', 'unmew', 'unmix', 'unode', 'unoil', 'unold', 'unorn', 'unown', 'unput', 'unram', 'unred', 'unrid', 'unrow', 'unrra', 'unsad', 'unsee', 'unsew', 'unshy', 'unsly', 'unson', 'unsty', 'untap', 'unurn', 'unuse', 'unweb', 'upbid', 'upbuy', 'upcry', 'upcut', 'upend', 'upfly', 'upget', 'upleg', 'upmix', 'uprun', 'upset', 'upsit', 'upsun', 'upway', 'urali', 'urban', 'urban', 'urbic', 'ureal', 'uredo', 'uredo', 'ureid', 'urger', 'uriah', 'urial', 'urian', 'urman', 'urnae', 'urnal', 'ursal', 'ursid', 'ursuk', 'urucu', 'usara', 'ushak', 'usnea', 'usnea', 'uster', 'utchy', 'utees', 'uteri', 'utile', 'utsuk', 'uvito', 'uzbeg', 'vacoa', 'vadim', 'valid', 'valse', 'valve', 'valyl', 'varan', 'varda', 'varec', 'vatic', 'vealy', 'vedda', 'veily', 'velar', 'velte', 'vened', 'verse', 'verso', 'verst', 'vespa', 'vesta', 'veuve', 'vexil', 'vibex', 'vibix', 'vicar', 'vidya', 'viewy', 'vigor', 'vimen', 'vinea', 'viola', 'viper', 'viral', 'virgo', 'virid', 'virtu', 'vison', 'visto', 'vital', 'vivek', 'vivid', 'vogul', 'voice', 'volet', 'volta', 'vomit', 'vouli', 'wadna', 'wafer', 'wafty', 'wagon', 'waise', 'waken', 'wakhi', 'walth', 'wanty', 'warnt', 'warst', 'wasco', 'wasel', 'wasir', 'waste', 'watch', 'wauns', 'wawah', 'wayne', 'weary', 'webby', 'welsh', 'welsh', 'whale', 'whalm', 'whand', 'wharf', 'whata', 'whaur', 'wheem', 'wheen', 'wheft', 'whein', 'whelk', 'which', 'while', 'whilk', 'whils', 'whing', 'whirl', 'whist', 'whity', 'whore', 'whorl', 'whuff', 'whulk', 'whute', 'widen', 'width', 'wiros', 'wisen', 'wisht', 'wispy', 'wisse', 'wiste', 'witan', 'wloka', 'woady', 'woald', 'wokas', 'woman', 'woody', 'woody', 'woons', 'woosh', 'works', 'world', 'wrong', 'wryly', 'wunna', 'wyson', 'xenyl', 'xeric', 'xicak', 'xylan', 'xylic', 'xylol', 'yabbi', 'yacca', 'yacht', 'yagua', 'yagua', 'yahan', 'yahoo', 'yahoo', 'yajna', 'yakan', 'yakka', 'yalla', 'yamen', 'yameo', 'yamph', 'yarke', 'yasht', 'yasna', 'yauld', 'yearn', 'yerba', 'yerga', 'yesso', 'yince', 'yinst', 'yomud', 'young', 'yours', 'yucca', 'yucca', 'yuchi', 'yurak', 'yurok', 'yurta', 'yuruk', 'zabra', 'zante', 'zayin', 'zebub', 'zemmi', 'zerda', 'zhmud', 'zibet', 'ziega', 'ziffs', 'zimbi', 'zinco', 'zmudz', 'zoeal', 'zohak', 'zokor', 'zombi', 'zonar', 'zonta', 'zoril', 'zudda', 'zygal', 'zygon', 'zymic', 'zymin', 'among', 'black', 'blood', 'brain', 'cause', 'chain', 'chalk', 'cheap', 'chief', 'clear', 'clock', 'cloth', 'cloud', 'cough', 'crime', 'cruel', 'crush', 'curve', 'drain', 'earth', 'error', 'event', 'false', 'field', 'fight', 'fixed', 'force', 'grain', 'guide', 'heart', 'horse', 'house', 'jelly', 'laugh', 'light', 'linen', 'loose', 'metal', 'music', 'nerve', 'noise', 'paint', 'plant', 'plate', 'quiet', 'rough', 'round', 'scale', 'shade', 'shake', 'sharp', 'sheep', 'shelf', 'shirt', 'short', 'sleep', 'smash', 'smell', 'smoke', 'snake', 'space', 'spade', 'stage', 'steel', 'stick', 'stiff', 'still', 'store', 'sweet', 'table', 'thick', 'thumb', 'train', 'trick', 'under', 'verse', 'voice', 'waste', 'watch', 'while', 'woman', 'wrong', 'young']
3 - ['abdal', 'abdat', 'abies', 'ablow', 'abner', 'abnet', 'abode', 'abody', 'abord', 'about', 'abret', 'abrin', 'abrus', 'abysm', 'achar', 'achen', 'aclys', 'acold', 'acone', 'acryl', 'actin', 'acton', 'actor', 'adapt', 'adays', 'adept', 'adiel', 'adieu', 'adlai', 'adlay', 'adlet', 'admit', 'adopt', 'adore', 'adpao', 'adult', 'adyta', 'aedes', 'afear', 'aflat', 'afore', 'agiel', 'agnel', 'agnes', 'agony', 'agree', 'agush', 'ahmed', 'aider', 'aides', 'aimee', 'aisle', 'aitch', 'aknee', 'alban', 'alban', 'albee', 'alces', 'alcor', 'alder', 'aldus', 'alert', 'alfet', 'alfur', 'algin', 'algum', 'alids', 'aline', 'aliso', 'alist', 'alite', 'alkyd', 'alloy', 'alody', 'aloed', 'alogy', 'aloid', 'aloin', 'alone', 'along', 'alose', 'altin', 'alway', 'amber', 'amide', 'amido', 'amine', 'amino', 'amity', 'amsel', 'amylo', 'andre', 'anger', 'angor', 'angry', 'angst', 'anise', 'ansar', 'antal', 'antar', 'antes', 'antic', 'antra', 'antre', 'antum', 'aoife', 'aorta', 'aotea', 'aotes', 'aotus', 'apios', 'aptly', 'arche', 'arcos', 'ardeb', 'ardor', 'argel', 'ariel', 'ariel', 'aries', 'ariot', 'arise', 'arist', 'arite', 'arles', 'arneb', 'aroid', 'arose', 'arses', 'arsle', 'arsyl', 'artal', 'artel', 'artie', 'asale', 'asarh', 'ascot', 'ascot', 'ascry', 'ascus', 'asdic', 'ashet', 'ashur', 'ashur', 'asian', 'aside', 'askos', 'aslop', 'aspic', 'asset', 'astir', 'astur', 'asuri', 'asway', 'asyla', 'atelo', 'atlee', 'atoke', 'atomy', 'atour', 'attid', 'auloi', 'aurir', 'axled', 'ayond', 'ayont', 'aztec', 'bacon', 'badly', 'badon', 'balao', 'balao', 'baldy', 'balei', 'baler', 'balmy', 'balti', 'bande', 'bandy', 'bange', 'barad', 'barid', 'barie', 'barye', 'basal', 'based', 'basil', 'basil', 'basto', 'batad', 'bated', 'batel', 'bater', 'batis', 'baton', 'beady', 'beaky', 'becry', 'beday', 'bedin', 'bedot', 'bedur', 'befan', 'begay', 'begin', 'begun', 'belah', 'belar', 'belay', 'belch', 'belee', 'belie', 'belis', 'bendy', 'benjy', 'benjy', 'benty', 'beray', 'berth', 'beryl', 'beryx', 'besin', 'besit', 'besot', 'bespy', 'betel', 'betis', 'bidar', 'bider', 'bidet', 'bield', 'bifer', 'bight', 'bilbo', 'bilby', 'bilch', 'bilsh', 'bingo', 'bingy', 'biose', 'biota', 'biota', 'biped', 'birdy', 'birle', 'birny', 'birse', 'birsy', 'birth', 'bison', 'biter', 'bizet', 'blade', 'blart', 'blate', 'blest', 'blimy', 'blite', 'bloat', 'block', 'blore', 'blout', 'blowy', 'blues', 'bluet', 'blunt', 'blurb', 'blurt', 'board', 'bocal', 'boden', 'boder', 'bodge', 'bodhi', 'bodle', 'bogan', 'boggy', 'bogie', 'bogle', 'bogue', 'bohea', 'boist', 'bolag', 'bolar', 'boldu', 'boled', 'bolis', 'bolti', 'bonce', 'boner', 'boney', 'bonny', 'bonny', 'boosy', 'boree', 'borer', 'boric', 'borne', 'boryl', 'bosun', 'botch', 'bouge', 'bough', 'bound', 'bourg', 'bourn', 'bouse', 'bowel', 'bowie', 'brail', 'bread', 'bream', 'bredi', 'brian', 'brick', 'brief', 'brier', 'broad', 'broil', 'brose', 'brosy', 'broth', 'brown', 'bruce', 'brule', 'brush', 'bryan', 'bryum', 'budge', 'buggy', 'bugle', 'build', 'bulby', 'bulse', 'bunch', 'bundu', 'bungo', 'burel', 'burly', 'burny', 'burse', 'burst', 'bushy', 'butch', 'buteo', 'butic', 'butte', 'butty', 'butyn', 'butyr', 'byron', 'cadet', 'cadet', 'cados', 'cadus', 'cairo', 'caite', 'caleb', 'calid', 'calyx', 'cameo', 'caret', 'carlo', 'carls', 'carom', 'carte', 'carty', 'carya', 'casel', 'casey', 'catan', 'cathy', 'catti', 'cebur', 'cedar', 'cedry', 'celia', 'cento', 'ceras', 'cerci', 'certy', 'cetic', 'cetid', 'cetin', 'cetus', 'cetyl', 'chair', 'cheir', 'chela', 'chest', 'cheth', 'chien', 'chien', 'chiro', 'chloe', 'choes', 'choil', 'choir', 'chold', 'chord', 'chose', 'choya', 'churm', 'churr', 'chyle', 'cigar', 'cindy', 'cinel', 'citee', 'citer', 'citua', 'clark', 'clark', 'clary', 'clean', 'cliff', 'cliff', 'clift', 'cline', 'cloak', 'cloit', 'close', 'closh', 'clote', 'clour', 'clyde', 'coaid', 'coarb', 'coast', 'coati', 'coder', 'codon', 'cogon', 'coign', 'coiny', 'colan', 'colin', 'colin', 'color', 'comid', 'conal', 'coner', 'cones', 'conga', 'conic', 'conin', 'conor', 'conte', 'cooee', 'copei', 'coper', 'copis', 'cordy', 'cored', 'corey', 'corge', 'corgi', 'corin', 'corky', 'cornu', 'corse', 'corta', 'coset', 'cothe', 'cothy', 'coude', 'credo', 'crest', 'cried', 'crier', 'crisp', 'croat', 'crone', 'cross', 'crowl', 'crude', 'cruth', 'crypt', 'culpa', 'cumin', 'cunas', 'cunye', 'cupel', 'curdy', 'cusec', 'cutch', 'cutie', 'cutis', 'cyath', 'cycad', 'cycas', 'cylix', 'cynic', 'cyril', 'cyrus', 'cyrus', 'cyton', 'dabih', 'daggy', 'daijo', 'daker', 'dakir', 'dalar', 'dalea', 'damie', 'damon', 'dance', 'danic', 'danio', 'danli', 'darci', 'daren', 'dares', 'dargo', 'daric', 'darin', 'darst', 'dashy', 'dasnt', 'datch', 'dater', 'datil', 'datum', 'daven', 'davit', 'dawny', 'dazed', 'deair', 'dealt', 'deash', 'death', 'debar', 'deben', 'debit', 'debus', 'debut', 'decal', 'decan', 'decil', 'defog', 'degas', 'degum', 'deign', 'deink', 'deino', 'deism', 'deist', 'dekko', 'delft', 'delhi', 'delia', 'demon', 'demon', 'denat', 'deneb', 'denim', 'denty', 'deota', 'depot', 'derat', 'derek', 'deric', 'derma', 'desyl', 'detar', 'detax', 'detin', 'detur', 'dheri', 'dhobi', 'dhole', 'dhoni', 'dhoon', 'dhoti', 'dhoul', 'diact', 'diamb', 'diane', 'dicer', 'didnt', 'didst', 'diego', 'dight', 'digit', 'digor', 'dildo', 'dilly', 'dimit', 'dinah', 'dinar', 'diner', 'dinge', 'dingo', 'dingy', 'dinic', 'dinky', 'diode', 'dioon', 'diota', 'dirge', 'dirty', 'ditch', 'diter', 'ditto', 'divan', 'divel', 'divvy', 'dixie', 'dixie', 'dizen', 'dobby', 'dobla', 'dobra', 'dodge', 'doest', 'dogal', 'doggy', 'dogie', 'dogly', 'dogma', 'dogra', 'doigt', 'doily', 'doina', 'doing', 'dolia', 'dolly', 'dolor', 'domba', 'domer', 'donal', 'donar', 'donax', 'donee', 'donet', 'doney', 'donga', 'donia', 'donne', 'donor', 'donum', 'doree', 'doria', 'doric', 'dorje', 'dormy', 'dorts', 'dosis', 'dotal', 'doted', 'dotty', 'dotty', 'douar', 'doubt', 'dough', 'douse', 'dowel', 'dowie', 'doyle', 'draco', 'drail', 'drang', 'drank', 'drant', 'drawn', 'dregs', 'dreng', 'dress', 'drest', 'dried', 'drier', 'drill', 'drink', 'drinn', 'drisk', 'drogh', 'droit', 'droll', 'drome', 'drona', 'drone', 'drony', 'dropt', 'droud', 'drown', 'druid', 'drung', 'drunk', 'drusy', 'dryly', 'dryth', 'duali', 'ducal', 'ducat', 'duces', 'dugal', 'dujan', 'dukhn', 'dulat', 'dulia', 'dully', 'dummy', 'dunal', 'dunce', 'dunch', 'dungy', 'dunst', 'dural', 'durio', 'dusio', 'dusty', 'dutch', 'dutch', 'dutra', 'duvet', 'dwang', 'dwarf', 'dylan', 'early', 'ebony', 'eclat', 'ecoid', 'ectad', 'edict', 'edify', 'ediya', 'educt', 'egret', 'elaps', 'elegy', 'eleut', 'elian', 'elias', 'eliot', 'eloah', 'eloge', 'elsin', 'elude', 'elymi', 'emily', 'empeo', 'ender', 'endow', 'enhat', 'eniac', 'enoch', 'enoil', 'ensue', 'entad', 'enter', 'entia', 'eosin', 'ephor', 'ergal', 'ergot', 'erian', 'erizo', 'eryon', 'eshin', 'essay', 'estoc', 'estus', 'ethyl', 'exody', 'extol', 'eying', 'eyoty', 'eyrie', 'faden', 'faery', 'fakir', 'fancy', 'featy', 'feint', 'felid', 'felty', 'femur', 'ferly', 'fetch', 'fetid', 'fetor', 'fiber', 'fiber', 'fidac', 'fides', 'fiery', 'filao', 'filar', 'filet', 'filth', 'finer', 'fiord', 'fired', 'first', 'fisty', 'fiver', 'fives', 'fleay', 'flirt', 'floey', 'floor', 'flory', 'flour', 'floyd', 'flued', 'fluer', 'flung', 'flurr', 'flusk', 'fluty', 'foehn', 'foism', 'folia', 'folie', 'fonly', 'forel', 'forst', 'forte', 'fotui', 'fraud', 'freir', 'freit', 'freyr', 'frill', 'frory', 'frost', 'fryer', 'fudgy', 'fulth', 'fundi', 'funds', 'funis', 'furor', 'furud', 'furyl', 'fused', 'fusee', 'fusht', 'fusty', 'gaily', 'galee', 'gator', 'gault', 'gault', 'gazee', 'genys', 'getic', 'geyan', 'giant', 'giles', 'girly', 'given', 'gledy', 'gloea', 'glost', 'glyph', 'goaty', 'goave', 'goban', 'gobia', 'gobio', 'godet', 'godly', 'goety', 'gogga', 'going', 'goldi', 'golee', 'golgi', 'goloe', 'gonad', 'gonal', 'gondi', 'gonia', 'gonid', 'gonne', 'gonys', 'goody', 'gooma', 'goral', 'goran', 'goric', 'gouda', 'goumi', 'gourd', 'gouty', 'goyin', 'great', 'green', 'groan', 'gryde', 'guido', 'gujar', 'gulch', 'gumly', 'gusto', 'gutti', 'gyral', 'gyric', 'hades', 'hasky', 'heaps', 'helio', 'helot', 'hemad', 'hiren', 'hithe', 'hogni', 'hoise', 'honor', 'horde', 'hosed', 'hosel', 'hotel', 'hotly', 'houri', 'human', 'humor', 'humus', 'hurds', 'hurty', 'hutia', 'hybla', 'hydra', 'hydro', 'hynde', 'hyoid', 'hypho', 'hyson', 'iambe', 'ianus', 'ibota', 'icaco', 'icica', 'icily', 'icing', 'ictus', 'idaho', 'idaic', 'idant', 'iddat', 'ideal', 'idean', 'idiom', 'idiot', 'idism', 'idist', 'idite', 'idola', 'idose', 'idryl', 'ierne', 'igloo', 'ihlat', 'ijore', 'ileac', 'ileon', 'ileus', 'iliac', 'iliac', 'iliad', 'ilima', 'ilium', 'illth', 'iloko', 'imban', 'imbat', 'imbed', 'imbue', 'imide', 'impel', 'imshi', 'inapt', 'incog', 'incur', 'incut', 'indan', 'indic', 'indic', 'indra', 'indri', 'indyl', 'inert', 'infra', 'ingle', 'ingot', 'inket', 'inlaw', 'inlay', 'inlet', 'inone', 'inorb', 'inrub', 'insea', 'insee', 'inset', 'inter', 'intil', 'intue', 'invar', 'iodol', 'iowan', 'irade', 'irate', 'irena', 'irfan', 'irish', 'iroha', 'irony', 'isaac', 'isawa', 'iseum', 'islam', 'islet', 'islot', 'ismal', 'issei', 'itala', 'itchy', 'itcze', 'itemy', 'ither', 'izote', 'janet', 'jantu', 'jared', 'jatni', 'jitro', 'joint', 'jolty', 'jonas', 'julid', 'kafir', 'kafir', 'karel', 'karen', 'karst', 'karst', 'katar', 'katun', 'kefir', 'kelly', 'kelly', 'keten', 'ketyl', 'kilah', 'kioea', 'kitan', 'kitar', 'kiyas', 'knosp', 'knyaz', 'koali', 'koban', 'koeri', 'kogia', 'koine', 'koine', 'kolea', 'konde', 'konia', 'kotar', 'kraut', 'kudos', 'kulah', 'kulah', 'kunai', 'kyung', 'laced', 'lacet', 'lacto', 'ladin', 'laird', 'lairy', 'laity', 'lamby', 'lamus', 'lardy', 'lasty', 'laten', 'latro', 'latus', 'laund', 'layia', 'layne', 'leads', 'leady', 'least', 'leavy', 'ledol', 'leora', 'lepas', 'lepra', 'lerot', 'lesiy', 'ligas', 'limsy', 'lindo', 'linea', 'lined', 'linos', 'linty', 'lipan', 'litho', 'lithy', 'litus', 'lludd', 'loath', 'loave', 'lodge', 'lodha', 'lodur', 'loess', 'logia', 'logic', 'logie', 'login', 'logoi', 'loket', 'longe', 'longs', 'loopy', 'loran', 'lordy', 'lored', 'loric', 'lotic', 'lotte', 'lough', 'lunar', 'lurid', 'lushy', 'lusty', 'lutao', 'luter', 'lutra', 'lyard', 'lycid', 'lycus', 'lydia', 'lying', 'lyrid', 'lysin', 'lyssa', 'lytic', 'macao', 'mahdi', 'maidy', 'malic', 'malto', 'manei', 'manes', 'maney', 'maniu', 'manor', 'manso', 'match', 'maund', 'maybe', 'mayda', 'melos', 'mends', 'metad', 'metin', 'midst', 'milty', 'mimeo', 'minar', 'minor', 'minot', 'minty', 'misdo', 'mitra', 'mitra', 'mitre', 'mocha', 'mocha', 'mogul', 'mohur', 'moira', 'monad', 'month', 'moody', 'moral', 'moran', 'mores', 'morga', 'mosey', 'moste', 'moted', 'moter', 'motet', 'motif', 'motor', 'muang', 'mudar', 'mudee', 'mudir', 'mufty', 'mural', 'muran', 'murid', 'myope', 'mysel', 'mysid', 'nadir', 'nairy', 'nakir', 'nares', 'nasty', 'natch', 'nates', 'navar', 'neath', 'nesty', 'netop', 'netty', 'netty', 'newar', 'nidal', 'nidor', 'nidus', 'nilot', 'niobe', 'nisei', 'nitch', 'nitid', 'niton', 'nitro', 'noble', 'nodal', 'nogai', 'nogal', 'noily', 'nokta', 'nonet', 'noria', 'noric', 'norie', 'norma', 'norma', 'north', 'notal', 'notan', 'notch', 'noter', 'notum', 'nursy', 'nutty', 'nydia', 'nylon', 'nyxis', 'oadal', 'oared', 'oases', 'oaten', 'obeah', 'ocrea', 'octad', 'octic', 'octyl', 'ocuby', 'oddly', 'odist', 'offer', 'often', 'ofter', 'oftly', 'ogeed', 'oiled', 'oiler', 'olden', 'older', 'omber', 'onery', 'onlay', 'onset', 'ontal', 'ootid', 'orate', 'orbed', 'orbit', 'order', 'oread', 'oreas', 'orias', 'oriel', 'oriya', 'orlet', 'orlop', 'ormer', 'ornis', 'orsel', 'ortet', 'osage', 'oscin', 'osela', 'oshac', 'oside', 'osier', 'osone', 'ossal', 'otary', 'other', 'otyak', 'ought', 'outdo', 'outed', 'outre', 'ovary', 'ovist', 'owlet', 'owner', 'owsen', 'ozias', 'pales', 'palsy', 'palta', 'palus', 'palus', 'paris', 'parse', 'paste', 'patio', 'pedal', 'pedes', 'pelta', 'piast', 'picea', 'piety', 'piotr', 'pisay', 'pisky', 'platy', 'pleat', 'plied', 'plies', 'poilu', 'poind', 'poria', 'proal', 'pryse', 'psalm', 'pshav', 'psora', 'psych', 'pudsy', 'punct', 'pured', 'puree', 'putid', 'pygal', 'radar', 'rally', 'ralph', 'ralph', 'randy', 'randy', 'rasen', 'raspy', 'ratch', 'rated', 'ratel', 'rathe', 'ratio', 'rayon', 'razee', 'ready', 'reasy', 'redia', 'redly', 'relap', 'relay', 'relet', 'relic', 'relot', 'reoil', 'resay', 'resee', 'reset', 'resew', 'resty', 'retan', 'retch', 'retem', 'retin', 'rhoeo', 'riant', 'ribat', 'ribes', 'rifty', 'rigel', 'rigor', 'rilly', 'risen', 'rival', 'rivet', 'riyal', 'rober', 'roble', 'rodge', 'rogan', 'rogue', 'rogue', 'roily', 'roist', 'ronde', 'rondo', 'ronga', 'ronni', 'rosed', 'rosel', 'roset', 'rotal', 'rotal', 'rotan', 'rotch', 'rotge', 'rovet', 'roxie', 'rusty', 'rusty', 'rutch', 'rutic', 'rutin', 'rybat', 'sabir', 'sably', 'sadhe', 'sadie', 'sadly', 'safar', 'saify', 'saily', 'sairy', 'saite', 'salad', 'salar', 'salar', 'salic', 'salic', 'salmo', 'salty', 'salve', 'sandy', 'sandy', 'sapid', 'sapor', 'sarod', 'satan', 'satan', 'savoy', 'sayal', 'sayid', 'scian', 'sclav', 'scoad', 'scold', 'scour', 'scray', 'screw', 'scrod', 'scyld', 'scyth', 'seamy', 'sedan', 'sedan', 'sedat', 'sedgy', 'seely', 'sehyo', 'seity', 'selah', 'selly', 'sepoy', 'serai', 'seral', 'serio', 'serry', 'serta', 'seton', 'shalt', 'shard', 'shear', 'sheen', 'sheld', 'shide', 'shied', 'shier', 'shies', 'shift', 'shilf', 'shirl', 'shluh', 'shoal', 'shoat', 'shode', 'shola', 'shoya', 'shrab', 'shred', 'shree', 'shree', 'sidle', 'sievy', 'sigma', 'sigma', 'sikar', 'siket', 'silas', 'silky', 'silty', 'silyl', 'sinae', 'sisel', 'skean', 'skeet', 'skelf', 'slart', 'sleet', 'slirt', 'slite', 'slopy', 'slorp', 'slote', 'sloyd', 'sluit', 'slurp', 'slype', 'smoky', 'socht', 'sofia', 'soget', 'solea', 'solea', 'solen', 'solen', 'solid', 'solon', 'solon', 'sonar', 'soree', 'sotie', 'splat', 'splay', 'split', 'sprad', 'sprat', 'spret', 'staab', 'stade', 'staid', 'staio', 'stair', 'stand', 'stary', 'steal', 'steam', 'steed', 'steid', 'stend', 'steri', 'stero', 'stoep', 'stogy', 'stola', 'stond', 'story', 'stour', 'strad', 'strad', 'strae', 'stray', 'stree', 'strid', 'study', 'stull', 'styan', 'styca', 'style', 'stylo', 'sudan', 'sugar', 'sulky', 'sural', 'surly', 'sutor', 'swerd', 'swird', 'sycee', 'sylid', 'sylph', 'synch', 'synod', 'syrma', 'syrma', 'tabes', 'tabor', 'tahil', 'takao', 'takyr', 'talao', 'taled', 'tales', 'talis', 'talky', 'talus', 'tandy', 'tapir', 'tardy', 'taroc', 'tates', 'tatou', 'tawny', 'tayer', 'teary', 'teasy', 'teddy', 'teian', 'tekya', 'telar', 'telic', 'telyn', 'tenio', 'tenor', 'tepee', 'tepor', 'tewly', 'their', 'third', 'thram', 'three', 'thuan', 'thulr', 'thyme', 'tical', 'tidal', 'tiddy', 'tikur', 'tilda', 'tilde', 'tiled', 'timar', 'timid', 'tinea', 'tired', 'tisar', 'toady', 'todea', 'todus', 'togue', 'toher', 'toise', 'tolan', 'toldo', 'toman', 'tomin', 'tonal', 'toner', 'tonga', 'tonga', 'tongs', 'tonic', 'topee', 'topia', 'topic', 'toral', 'toran', 'tored', 'toric', 'tourn', 'tovar', 'toxon', 'trade', 'trail', 'tread', 'treed', 'trend', 'triad', 'trial', 'trias', 'tried', 'trier', 'troad', 'trode', 'troll', 'trudy', 'truer', 'truly', 'tryst', 'tsere', 'tsine', 'tsuba', 'tsubo', 'tubal', 'tubar', 'tuber', 'tudel', 'tudor', 'tulle', 'tumor', 'tuned', 'tuner', 'tutee', 'tutin', 'tydie', 'tyigh', 'tylus', 'typal', 'tyste', 'uchee', 'uhllo', 'uigur', 'ulnar', 'ultra', 'umbra', 'umbra', 'unbar', 'unbed', 'unbet', 'undam', 'undog', 'unfar', 'unfew', 'uniat', 'uniat', 'unray', 'unsay', 'unset', 'untar', 'untie', 'until', 'untin', 'untop', 'upbay', 'uplay', 'uptie', 'urdee', 'uriel', 'urled', 'usage', 'usent', 'uskok', 'usnic', 'usque', 'usual', 'usure', 'usurp', 'usury', 'value', 'vanir', 'veiny', 'veldt', 'video', 'vijao', 'vijay', 'vireo', 'visor', 'vodka', 'voile', 'wayao', 'wiyat', 'wiyot', 'xylia', 'xylyl', 'xyrid', 'xyris', 'xysti', 'yaird', 'yakin', 'yarth', 'yeard', 'yeast', 'yerth', 'yezdi', 'yield', 'yirth', 'yogin', 'yulan', 'yunca', 'zayat', 'zloty', 'about', 'angry', 'birth', 'blade', 'board', 'bread', 'brick', 'brown', 'brush', 'burst', 'chest', 'clean', 'death', 'dirty', 'doubt', 'dress', 'drink', 'early', 'first', 'floor', 'great', 'green', 'match', 'month', 'north', 'offer', 'order', 'other', 'owner', 'paste', 'ready', 'screw', 'solid', 'steam', 'story', 'sugar', 'tired', 'trade', 'value']
7 - ['acher', 'atter', 'avian', 'barra', 'basis', 'bayed', 'bebat', 'bezel', 'booby', 'boyer', 'braze', 'buzzy', 'cappy', 'carer', 'cavel', 'cerer', 'cicer', 'clack', 'colly', 'corer', 'coxal', 'coyly', 'crape', 'dawdy', 'devow', 'dower', 'dusky', 'eaves', 'edder', 'eerie', 'egger', 'emmer', 'exile', 'exter', 'farer', 'fixer', 'foxer', 'frize', 'froze', 'fulwa', 'ganga', 'ganga', 'ganza', 'garse', 'gater', 'gawky', 'gazer', 'gelly', 'genip', 'glare', 'glaze', 'gloze', 'grave', 'greed', 'gripe', 'guaza', 'guppy', 'gymel', 'haste', 'haver', 'hawky', 'henny', 'hilly', 'hinny', 'hoppy', 'hover', 'hulky', 'hurry', 'japer', 'javer', 'jazzy', 'joule', 'jumby', 'kakan', 'kakke', 'kerry', 'kerry', 'kizil', 'label', 'lapel', 'laser', 'latch', 'lauia', 'lemel', 'lever', 'lieve', 'limer', 'linin', 'litch', 'liver', 'loser', 'lowly', 'lural', 'maggy', 'malmy', 'mammy', 'mardy', 'marry', 'massa', 'matty', 'mawky', 'mazed', 'merat', 'middy', 'mider', 'miser', 'mitty', 'mizar', 'moist', 'mongo', 'mower', 'moyle', 'muffy', 'murly', 'muser', 'nable', 'nanny', 'nanny', 'naunt', 'navvy', 'nevel', 'night', 'nubby', 'nudge', 'padge', 'paler', 'panne', 'papal', 'pappy', 'parge', 'parra', 'pasan', 'paver', 'payor', 'peppy', 'perse', 'petty', 'pilch', 'pinch', 'pippy', 'pique', 'plage', 'plout', 'poddy', 'poggy', 'pomey', 'poral', 'porge', 'porry', 'poser', 'potch', 'pound', 'pouty', 'prize', 'prore', 'puddy', 'punch', 'punky', 'puppy', 'purre', 'quave', 'qubba', 'quest', 'racer', 'rappe', 'raser', 'razor', 'revel', 'rever', 'rewet', 'rewin', 'ricer', 'roper', 'rorty', 'rower', 'sappy', 'sasin', 'sawan', 'sawer', 'scarn', 'scove', 'scrap', 'scrow', 'seder', 'setal', 'sever', 'shave', 'shoji', 'shrap', 'sisal', 'sixer', 'slash', 'slive', 'smaze', 'smoot', 'smout', 'snark', 'snite', 'snore', 'soler', 'sough', 'spack', 'speer', 'spell', 'spirt', 'spyer', 'stave', 'stine', 'stoop', 'stope', 'stosh', 'stung', 'stunk', 'sware', 'swart', 'swile', 'swine', 'taggy', 'taint', 'taper', 'tatta', 'tazia', 'teest', 'thorp', 'timer', 'tinta', 'tithe', 'tizzy', 'toter', 'tozer', 'trine', 'trove', 'tutty', 'uinal', 'unkid', 'unwet', 'urare', 'urari', 'uvate', 'uvula', 'vanda', 'vaned', 'vasty', 'vetch', 'viner', 'vitta', 'volar', 'vowel', 'vuggy', 'waddy', 'wager', 'waker', 'wally', 'wandy', 'wanle', 'warch', 'warly', 'wavey', 'weste', 'wicky', 'wiggy', 'wince', 'winna', 'wirra', 'wiser', 'worry', 'wouch', 'writh', 'xinca', 'yabby', 'yamel', 'yeuky', 'yomer', 'youse', 'yummy', 'zesty', 'night']
8 - ['aller', 'bobby', 'bobby', 'bumpy', 'cover', 'crave', 'daddy', 'dozer', 'eager', 'eaved', 'ferry', 'folly', 'foyer', 'gadge', 'graze', 'hater', 'hawer', 'helly', 'jowpy', 'killy', 'lamel', 'laver', 'level', 'liker', 'lolly', 'lover', 'mayer', 'mimer', 'minny', 'mitch', 'mixer', 'murky', 'nanda', 'nurly', 'paper', 'parry', 'patch', 'pawer', 'pongo', 'poppy', 'power', 'prove', 'pudge', 'puffy', 'purry', 'queer', 'raker', 'rider', 'river', 'roker', 'rural', 'sasan', 'savvy', 'sayer', 'scraw', 'sewer', 'sizer', 'snoot', 'snout', 'soddy', 'soggy', 'soral', 'sound', 'sower', 'sowse', 'spite', 'spore', 'start', 'stipe', 'stoss', 'stove', 'stuss', 'suave', 'swack', 'sweer', 'swell', 'tacky', 'taste', 'tatty', 'taunt', 'taver', 'teste', 'ticky', 'tight', 'tirer', 'tripe', 'vardy', 'voter', 'waggy', 'waned', 'warse', 'wasty', 'waver', 'wenny', 'widdy', 'winch', 'winer', 'withe', 'witty', 'wough', 'wrive', 'yappy', 'yarly', 'zoist', 'zolle', 'cover', 'level', 'paper', 'power', 'river', 'sound', 'start', 'taste', 'tight']
26 - ['allie', 'bihai', 'bucko', 'cowle', 'didna', 'galla', 'galla', 'inerm', 'isiac', 'itali', 'jewry', 'kelpy', 'khass', 'kongu', 'makuk', 'mouly', 'nanga', 'nonic', 'pondy', 'prion', 'riper', 'scott', 'shill', 'siper', 'soger', 'sonic', 'sonsy', 'toona', 'twant', 'urent', 'urson', 'wiper', 'zoism', 'zonic']
9 - ['bubby', 'cower', 'craze', 'eaver', 'gager', 'hatch', 'hazer', 'jolly', 'jowly', 'layer', 'loral', 'mater', 'mazer', 'merry', 'nelly', 'payer', 'pinny', 'pitch', 'raper', 'rimer', 'rover', 'ryder', 'serer', 'sider', 'siver', 'spoot', 'spout', 'stite', 'stive', 'swore', 'tasty', 'tawer', 'titty', 'tiver', 'trite', 'vower', 'waxer', 'wight', 'wirer', 'wound', 'wudge', 'yoker', 'wound']
10 - ['crare', 'eater', 'oolly', 'parer', 'rager', 'raver', 'razer', 'roral', 'sitch', 'souly', 'stoot', 'stout', 'suite', 'taxer', 'vinny', 'viver', 'welly']
2 - ['cutin', 'islay']
1 - ['doter']
11 - ['ninny', 'rater', 'witch', 'wiver']
12 - ['tater']
Average - 4.518806371137978