
1 - ['arose']
2 - ['adore', 'aisle', 'alcor', 'alert', 'alien', 'aline', 'aliso', 'alist', 'alnus', 'aloed', 'aloin', 'alois', 'alone', 'alosa', 'alose', 'altin', 'anise', 'ansel', 'anser', 'antre', 'aoife', 'aotes', 'ariel', 'ariel', 'aries', 'arion', 'arise', 'arist', 'arite', 'arius', 'arnut', 'aroid', 'arsle', 'arson', 'astir', 'astor', 'atelo', 'atour', 'auloi', 'aulos', 'aurin', 'awest', 'canoe', 'canso', 'crosa', 'cruse', 'deota', 'dione', 'diose', 'doest', 'elain', 'elias', 'elops', 'elsin', 'enoil', 'eosin', 'erian', 'ernst', 'ersar', 'frost', 'gilse', 'glost', 'grist', 'haole', 'hilsa', 'ileon', 'inlet', 'inure', 'irate', 'irone', 'irony', 'kreis', 'laine', 'larin', 'latin', 'least', 'leora', 'liner', 'linos', 'linus', 'loris', 'louie', 'maori', 'moosa', 'neist', 'nilot', 'niota', 'nitro', 'noise', 'noisy', 'noria', 'norie', 'norse', 'nursy', 'ocrea', 'oiler', 'olena', 'orant', 'orate', 'orcin', 'oread', 'oreas', 'orgue', 'orias', 'oriel', 'ornis', 'orsel', 'osage', 'osela', 'osier', 'piotr', 'print', 'proem', 'prose', 'psora', 'raise', 'reasy', 'reina', 'reins', 'reoil', 'rinse', 'roast', 'roist', 'roosa', 'roost', 'rosal', 'rutin', 'serai', 'shoer', 'sinae', 'sinal', 'sitao', 'sitar', 'slare', 'sline', 'sloan', 'slone', 'snirl', 'snore', 'snort', 'soree', 'sotie', 'sruti', 'stoic', 'stoic', 'strue', 'taino', 'taise', 'tarie', 'tarsi', 'thore', 'trail', 'trasy', 'trias', 'trine', 'trogs', 'trona', 'tulsi', 'unlie', 'unlit', 'unoil', 'urase', 'uriel', 'verso', 'verst', 'noise', 'print', 'prose']
3 - ['abilo', 'abler', 'abmho', 'abnet', 'aboil', 'abret', 'abrin', 'abrus', 'absit', 'acari', 'acier', 'aclys', 'acoin', 'acold', 'acorn', 'acron', 'acrux', 'acryl', 'actin', 'acton', 'actor', 'acuan', 'acute', 'addie', 'adept', 'adiel', 'adieu', 'adion', 'adlai', 'adown', 'adrue', 'adult', 'adunc', 'aegis', 'afore', 'after', 'agile', 'agist', 'agnel', 'agnus', 'agush', 'ahind', 'ahint', 'ahunt', 'aides', 'aillt', 'ainoi', 'airan', 'aitch', 'aizle', 'akebi', 'aknee', 'aland', 'alani', 'alans', 'alate', 'albin', 'albyn', 'alces', 'alder', 'aldim', 'aldus', 'aleut', 'alfet', 'alfur', 'algor', 'alick', 'alids', 'align', 'alish', 'alite', 'allie', 'allot', 'almon', 'almon', 'almud', 'aloid', 'along', 'aloud', 'alowe', 'alpen', 'altar', 'alter', 'altho', 'altun', 'aluco', 'alure', 'aluta', 'amelu', 'ament', 'amice', 'amine', 'amino', 'amish', 'amity', 'amnic', 'amole', 'amort', 'amour', 'ampul', 'amsel', 'amuck', 'amuse', 'andre', 'anear', 'angie', 'angle', 'angor', 'angry', 'angst', 'angus', 'anice', 'anile', 'ankou', 'annul', 'anode', 'anoil', 'anole', 'anoli', 'anous', 'ansar', 'antal', 'antes', 'antic', 'antum', 'anury', 'anvil', 'aorta', 'aotea', 'aotus', 'apert', 'aperu', 'aphid', 'aphis', 'apian', 'apios', 'apium', 'apout', 'april', 'apron', 'aptly', 'arain', 'arati', 'araua', 'arcos', 'areal', 'arent', 'arete', 'argas', 'argol', 'argon', 'argue', 'argus', 'arhat', 'ariot', 'arles', 'armet', 'armil', 'arock', 'arrie', 'arris', 'arsyl', 'artel', 'artie', 'aruac', 'arulo', 'arusa', 'arzun', 'asale', 'ascon', 'ascry', 'ascus', 'ashen', 'ashir', 'ashur', 'ashur', 'asian', 'aside', 'aslop', 'asoak', 'asset', 'aster', 'astur', 'asuri', 'asyla', 'atman', 'atoke', 'atone', 'atony', 'attic', 'attic', 'atule', 'atune', 'atwin', 'audio', 'audit', 'aueto', 'augen', 'aught', 'augur', 'aulic', 'auric', 'auryl', 'autem', 'auxin', 'avens', 'aviso', 'avoid', 'awhir', 'aylet', 'baioc', 'balan', 'balsa', 'barit', 'baroi', 'baron', 'basil', 'basil', 'batik', 'baton', 'bauno', 'beano', 'beest', 'beira', 'beisa', 'belie', 'belis', 'benet', 'besin', 'besit', 'besot', 'besra', 'bessi', 'betso', 'betsy', 'bichy', 'bidet', 'bilsh', 'biome', 'biose', 'bipod', 'birle', 'birsy', 'biune', 'blair', 'blair', 'blase', 'blast', 'blent', 'blest', 'blore', 'blunt', 'boldu', 'bolti', 'boots', 'brand', 'briny', 'brose', 'bruin', 'bruit', 'brule', 'bruno', 'bruta', 'brute', 'built', 'burel', 'buret', 'burnt', 'butyl', 'butyr', 'byous', 'bysen', 'cabin', 'cabio', 'cahot', 'cairo', 'caite', 'cajun', 'cajun', 'calid', 'cameo', 'canel', 'caner', 'canto', 'carlo', 'caroa', 'carte', 'caryl', 'caste', 'catti', 'cauld', 'celia', 'cento', 'ceorl', 'ceria', 'ceryl', 'cetid', 'cetin', 'cetus', 'chain', 'chait', 'chaui', 'chera', 'chian', 'chien', 'chien', 'chint', 'chiot', 'chiro', 'chloe', 'choel', 'choes', 'choil', 'choir', 'chola', 'chola', 'chomp', 'chore', 'choup', 'chous', 'chria', 'chris', 'churl', 'chute', 'cibol', 'cindy', 'cinel', 'cista', 'citer', 'citua', 'clare', 'clash', 'claut', 'clean', 'cleat', 'cleft', 'cline', 'clint', 'clips', 'clipt', 'clite', 'cloam', 'cloit', 'clone', 'close', 'closh', 'clote', 'cloth', 'clour', 'clout', 'clown', 'clyde', 'coast', 'coati', 'colan', 'colin', 'colin', 'cones', 'conte', 'coost', 'copei', 'copis', 'corin', 'cornu', 'corta', 'coset', 'costa', 'coude', 'could', 'count', 'courb', 'cours', 'court', 'couth', 'coypu', 'crain', 'crane', 'craps', 'crash', 'crawl', 'creel', 'crest', 'creta', 'cribo', 'crile', 'crimp', 'crisp', 'crith', 'croat', 'crony', 'crout', 'crown', 'cruel', 'cruet', 'crumb', 'crump', 'crunt', 'cruor', 'crust', 'crypt', 'cubit', 'culet', 'culmy', 'cumay', 'cumin', 'cumol', 'cumyl', 'cunas', 'cunye', 'cupel', 'curie', 'curin', 'curio', 'curly', 'cursa', 'curst', 'cusie', 'cusso', 'cutie', 'cutin', 'cutis', 'cymry', 'cypre', 'cyril', 'daily', 'danio', 'darst', 'darts', 'datil', 'datum', 'dauby', 'daunt', 'deair', 'dealt', 'deism', 'deist', 'delft', 'denat', 'denis', 'depas', 'depot', 'desyl', 'detur', 'dhoni', 'dhoti', 'dhoul', 'diane', 'dicot', 'diego', 'dildo', 'dimit', 'dimly', 'dimps', 'diner', 'dingo', 'dinus', 'diode', 'diota', 'disna', 'dital', 'dogie', 'doigt', 'doina', 'dolia', 'donum', 'doria', 'doris', 'dotal', 'doubt', 'draco', 'drail', 'drant', 'drias', 'drift', 'drona', 'drovy', 'drung', 'druse', 'druse', 'drusy', 'dryas', 'duali', 'ducal', 'ducat', 'duchy', 'dulia', 'dulse', 'dunch', 'dunst', 'duole', 'dural', 'dusty', 'dusun', 'dutch', 'dutch', 'dutra', 'easel', 'eaves', 'ebony', 'echis', 'eclat', 'ecoid', 'ectad', 'edict', 'ediya', 'edoni', 'educt', 'eland', 'elaps', 'elbow', 'eldin', 'elian', 'elihu', 'eliot', 'eliza', 'eloah', 'elric', 'elvan', 'elves', 'elvis', 'embus', 'emesa', 'enact', 'enate', 'encup', 'eneas', 'eniac', 'ennui', 'enoch', 'enorm', 'enrol', 'enrut', 'ensky', 'ensue', 'entad', 'ental', 'entia', 'enure', 'epact', 'epoch', 'epode', 'erbia', 'ergal', 'erica', 'erick', 'erizo', 'ernie', 'eruca', 'eruca', 'eruct', 'eryon', 'esere', 'eshin', 'essay', 'essed', 'estoc', 'estre', 'ethan', 'eurus', 'eusol', 'evens', 'exalt', 'exist', 'feint', 'ferae', 'fiery', 'filao', 'filet', 'fiord', 'first', 'flesh', 'floey', 'flora', 'flora', 'flurn', 'foehn', 'folie', 'fonly', 'forte', 'fosie', 'fresh', 'frosh', 'fulth', 'funis', 'futwa', 'galop', 'gamic', 'genie', 'genoa', 'genre', 'geoid', 'geoty', 'ghent', 'ghost', 'gipon', 'gisla', 'glans', 'glory', 'gloss', 'gnash', 'gnome', 'goety', 'goldi', 'goosy', 'grano', 'grein', 'grimy', 'grits', 'groan', 'groin', 'grubs', 'grues', 'gruis', 'grush', 'guano', 'gudok', 'guise', 'gusle', 'gynic', 'gypsy', 'gypsy', 'halse', 'hansa', 'haori', 'heiau', 'helen', 'henry', 'henry', 'hiate', 'hilum', 'hilus', 'hindu', 'hippo', 'hirse', 'hoast', 'horst', 'horst', 'houri', 'huaco', 'humet', 'hunks', 'hurty', 'hutia', 'hylic', 'hymen', 'hynde', 'ianus', 'ibota', 'iceni', 'ictus', 'idiom', 'idler', 'idola', 'idose', 'idryl', 'ierne', 'igloo', 'ileac', 'ileum', 'ileus', 'imbed', 'imbue', 'impel', 'impen', 'incog', 'incur', 'incus', 'incut', 'index', 'indic', 'indic', 'indyl', 'inept', 'inert', 'ingle', 'ingot', 'inket', 'inner', 'inoma', 'inone', 'inorb', 'inrun', 'insea', 'insee', 'inset', 'inter', 'intil', 'intue', 'inula', 'inwit', 'irade', 'irani', 'irena', 'irene', 'irene', 'iroha', 'iroko', 'irpex', 'isaac', 'islay', 'islet', 'islot', 'ismal', 'istle', 'itchy', 'itemy', 'ither', 'ixora', 'izote', 'jatni', 'jhool', 'jinks', 'jitro', 'jolty', 'julid', 'julie', 'jussi', 'kaimo', 'katie', 'katun', 'kelty', 'kioea', 'kisra', 'kitan', 'kneel', 'knell', 'knelt', 'knick', 'knife', 'knock', 'knoll', 'knosp', 'knout', 'knurl', 'knute', 'koeri', 'koila', 'koine', 'koine', 'krait', 'krems', 'krosa', 'kudos', 'kusam', 'lacet', 'lacto', 'ladik', 'ladin', 'laeti', 'laich', 'lairy', 'laity', 'lakie', 'lamut', 'lanas', 'lance', 'lance', 'langi', 'lango', 'lapon', 'lapsi', 'lardy', 'larid', 'larus', 'laser', 'lasso', 'latch', 'laten', 'later', 'lathe', 'latro', 'latus', 'lauan', 'laugh', 'laund', 'laura', 'laura', 'layne', 'leant', 'learn', 'leash', 'leave', 'leery', 'legit', 'legoa', 'leith', 'lemon', 'lemur', 'lendu', 'lenis', 'lenth', 'lento', 'lesiy', 'letup', 'leuch', 'levir', 'lewie', 'lhota', 'licit', 'liesh', 'limax', 'limbo', 'limey', 'limsy', 'linch', 'linda', 'lindo', 'linea', 'linet', 'linie', 'links', 'linon', 'linty', 'linum', 'litas', 'litch', 'liter', 'litho', 'litra', 'litus', 'lodur', 'logie', 'login', 'logos', 'longe', 'longs', 'loper', 'loran', 'loren', 'loric', 'loser', 'lotic', 'lotus', 'louis', 'loupe', 'louse', 'lousy', 'louty', 'lucan', 'lucet', 'lucia', 'lucid', 'lucre', 'luian', 'luite', 'lukas', 'lulab', 'lumen', 'lunar', 'lunch', 'lunda', 'lunes', 'lunge', 'lupis', 'lural', 'lurid', 'lusty', 'lutao', 'luteo', 'luter', 'lutra', 'lycid', 'lycus', 'lymph', 'lynch', 'lynne', 'lysin', 'lysis', 'lyssa', 'lytic', 'lytta', 'mahoe', 'maidu', 'maine', 'mains', 'maint', 'maire', 'maleo', 'maniu', 'manso', 'manul', 'marie', 'maris', 'marli', 'marsh', 'marsh', 'marsi', 'martu', 'mason', 'mason', 'matin', 'maund', 'meant', 'meaty', 'media', 'media', 'medic', 'medic', 'melas', 'melch', 'melic', 'melos', 'menic', 'mesne', 'meson', 'metol', 'metra', 'micht', 'micro', 'mikey', 'milan', 'milch', 'milty', 'minor', 'minos', 'minot', 'minty', 'misty', 'mitra', 'mitra', 'mitre', 'mneme', 'mnium', 'moira', 'moire', 'moist', 'moity', 'moler', 'montu', 'moors', 'morne', 'mossi', 'moste', 'moule', 'mouls', 'mucid', 'mucro', 'mucus', 'muist', 'mukti', 'mulct', 'muley', 'mumps', 'muong', 'muran', 'musal', 'musar', 'muter', 'mutic', 'myoid', 'nable', 'nacre', 'nadir', 'nahor', 'naias', 'naily', 'nairy', 'naish', 'naive', 'naomi', 'naoto', 'nares', 'naric', 'nasal', 'nasty', 'natal', 'natal', 'natch', 'nates', 'nathe', 'nelly', 'neoza', 'netop', 'newsy', 'ngaio', 'nicol', 'nidor', 'nidus', 'niels', 'nigre', 'nikko', 'ninox', 'niobe', 'nisse', 'niter', 'nitid', 'niton', 'noble', 'nobly', 'noddy', 'noemi', 'nohow', 'noily', 'noint', 'nomic', 'nomos', 'norah', 'noric', 'norma', 'norma', 'norsk', 'north', 'nosey', 'notal', 'noter', 'notum', 'notus', 'nucal', 'nullo', 'nurly', 'nurse', 'nylon', 'nymil', 'nymph', 'nyssa', 'nyxis', 'oared', 'oaric', 'oases', 'oasis', 'oaten', 'obeah', 'obese', 'ocean', 'ochna', 'odist', 'odium', 'oenin', 'ogler', 'ohelo', 'oiled', 'oisin', 'olden', 'older', 'oleic', 'olein', 'olent', 'olive', 'olive', 'ollie', 'olona', 'olson', 'omani', 'omega', 'oncia', 'onery', 'onium', 'onset', 'opera', 'opine', 'orach', 'orage', 'orang', 'orang', 'oraon', 'orbed', 'orbic', 'orbit', 'organ', 'oribi', 'orion', 'oriya', 'orlet', 'orris', 'orson', 'ortol', 'oscan', 'oscar', 'oscin', 'oside', 'osone', 'ostic', 'ouabe', 'oulap', 'ounce', 'ourie', 'outed', 'outen', 'outer', 'outre', 'ovant', 'ovest', 'ovule', 'owser', 'oxane', 'ozena', 'ozias', 'paeon', 'paisa', 'palmo', 'palsy', 'pants', 'parle', 'pasmo', 'pasul', 'patio', 'patly', 'payni', 'peasy', 'pedum', 'peise', 'pekoe', 'pensy', 'peony', 'pheon', 'physa', 'piano', 'piast', 'picul', 'picus', 'piled', 'pilin', 'pilon', 'pilot', 'pilot', 'pinto', 'pious', 'pirny', 'pirol', 'pisan', 'pisay', 'pisco', 'pishu', 'pisum', 'plain', 'plait', 'plane', 'plant', 'plate', 'pleon', 'ploat', 'plush', 'poesy', 'poilu', 'point', 'polis', 'polos', 'poult', 'prase', 'pridy', 'prink', 'prion', 'proal', 'props', 'prosy', 'prudy', 'prune', 'prunt', 'pryse', 'psoas', 'pudsy', 'punct', 'punti', 'punty', 'pursy', 'pygmy', 'pygmy', 'pylon', 'quint', 'quire', 'quirl', 'quoin', 'quoit', 'raash', 'rabin', 'racon', 'rahul', 'ramie', 'ranal', 'ranty', 'rasse', 'ratch', 'ratel', 'rathe', 'ratio', 'rauli', 'raven', 'rayan', 'reask', 'recon', 'recta', 'recut', 'reesk', 'reest', 'relay', 'relot', 'remus', 'renal', 'renes', 'renin', 'reown', 'resay', 'resin', 'resty', 'resue', 'resun', 'retia', 'reune', 'reuse', 'rhema', 'rhino', 'rhoda', 'rhoeo', 'rhumb', 'rhyme', 'rhymy', 'riant', 'ribes', 'richt', 'ricin', 'riden', 'ridgy', 'rigid', 'riley', 'rinde', 'rindy', 'ripup', 'risen', 'riser', 'ritzy', 'riyal', 'rocta', 'roleo', 'ronco', 'ronde', 'ronga', 'rooty', 'roove', 'rosel', 'rosin', 'rotal', 'rotal', 'rotan', 'rotch', 'rotse', 'roust', 'route', 'roxie', 'royet', 'ruble', 'rudas', 'rumbo', 'rumly', 'runch', 'rundi', 'runed', 'runic', 'runty', 'rupia', 'rusin', 'rusot', 'rusty', 'rusty', 'rutic', 'rutyl', 'ruvid', 'sabot', 'saint', 'sairy', 'saite', 'salmo', 'salon', 'samir', 'sanai', 'sanct', 'santo', 'saron', 'satyr', 'sault', 'sayal', 'sayer', 'scaul', 'scaur', 'scaut', 'scian', 'sciot', 'scold', 'scorn', 'scote', 'scout', 'scree', 'scrin', 'scute', 'scyld', 'scyth', 'seary', 'seity', 'sekar', 'sence', 'senci', 'senso', 'seral', 'seric', 'serin', 'serio', 'seron', 'serta', 'serut', 'sesti', 'setae', 'setal', 'seton', 'shier', 'shire', 'shirl', 'shirt', 'shisn', 'shluh', 'shoal', 'shoat', 'shona', 'short', 'shune', 'sidle', 'sifac', 'sigla', 'silas', 'silen', 'silty', 'simal', 'simar', 'simon', 'since', 'sinky', 'sinto', 'sintu', 'siren', 'siroc', 'sisel', 'sithe', 'sitka', 'siusi', 'siwan', 'slain', 'slait', 'slane', 'slant', 'slart', 'slate', 'slent', 'slept', 'sling', 'slirt', 'slite', 'sloka', 'slonk', 'slorp', 'slote', 'slour', 'sluer', 'sluit', 'slurp', 'slype', 'smear', 'smelt', 'smush', 'snail', 'snare', 'snarl', 'snirt', 'snite', 'snoek', 'snoke', 'snork', 'snout', 'snurl', 'snurt', 'soary', 'socle', 'sofia', 'soget', 'soily', 'solan', 'solar', 'solea', 'solea', 'solen', 'solen', 'sonar', 'songy', 'sonic', 'sonly', 'sonsy', 'soral', 'sorty', 'sotol', 'sound', 'soury', 'south', 'south', 'sowte', 'spilt', 'spiro', 'splat', 'spoil', 'sprue', 'spurl', 'spurn', 'spurt', 'staid', 'staio', 'stair', 'staun', 'stean', 'steen', 'steen', 'steid', 'stein', 'stein', 'stela', 'steno', 'stere', 'steri', 'stern', 'stern', 'stile', 'stimy', 'stine', 'sting', 'stion', 'stock', 'stoep', 'stola', 'stole', 'stoma', 'stone', 'stone', 'store', 'story', 'stosh', 'stoun', 'stour', 'strae', 'stree', 'stria', 'strid', 'stroy', 'strum', 'stulm', 'stuss', 'styan', 'style', 'stylo', 'sucre', 'sugar', 'suint', 'suite', 'suity', 'sumac', 'sunil', 'sunny', 'sunup', 'suomi', 'supai', 'sural', 'surat', 'surge', 'surly', 'sutra', 'suyog', 'sycon', 'synch', 'synod', 'tabic', 'table', 'tabog', 'tacso', 'tahin', 'taich', 'taipo', 'tairn', 'tales', 'talis', 'talon', 'tamil', 'tamis', 'tamul', 'tamus', 'tanan', 'tango', 'tania', 'tansy', 'targe', 'tarin', 'tarmi', 'tarse', 'tasco', 'tauli', 'taupe', 'taupo', 'tauri', 'tawse', 'tayir', 'tease', 'teasy', 'tecon', 'tecum', 'teian', 'telar', 'telic', 'telyn', 'teman', 'teman', 'tenai', 'tengu', 'tenio', 'tenor', 'tense', 'teras', 'terna', 'terne', 'thane', 'their', 'theow', 'thiol', 'thirl', 'thisn', 'tholi', 'thong', 'thorn', 'thorp', 'thrip', 'throe', 'thuan', 'thule', 'thulr', 'thuoc', 'thymy', 'tical', 'ticul', 'tigua', 'tikur', 'tilde', 'tiled', 'tiler', 'timbe', 'timbo', 'timed', 'timne', 'timon', 'timon', 'timor', 'tined', 'tired', 'tirma', 'tisar', 'tlaco', 'toady', 'todea', 'todus', 'togue', 'toise', 'tolan', 'tomas', 'tonic', 'tonna', 'tonus', 'toona', 'topia', 'topsl', 'toral', 'toric', 'torse', 'torsk', 'torus', 'tourn', 'trace', 'tragi', 'train', 'trank', 'traps', 'trash', 'trawl', 'treen', 'trend', 'tress', 'trews', 'trial', 'trica', 'trice', 'tried', 'trink', 'trior', 'tripy', 'troad', 'troca', 'trode', 'troic', 'tronc', 'trone', 'truce', 'truly', 'trump', 'trunk', 'trush', 'tryma', 'tsine', 'tuarn', 'tubae', 'tudel', 'tudor', 'tuism', 'tulip', 'tulle', 'tunca', 'tuned', 'tuner', 'tupek', 'turco', 'turco', 'turio', 'turki', 'turns', 'turse', 'twain', 'tyche', 'tydie', 'tyler', 'tylus', 'typic', 'tyste', 'uchee', 'uckia', 'udasi', 'udish', 'uinta', 'ulmic', 'ulmin', 'ulnae', 'ulnar', 'uloid', 'ultra', 'uluhi', 'umble', 'umiri', 'unami', 'unamo', 'unbed', 'unbud', 'uncia', 'uncle', 'uncoy', 'uncus', 'uncut', 'under', 'undim', 'undye', 'unhit', 'unhot', 'unify', 'unite', 'unity', 'unled', 'unlet', 'unlid', 'unmet', 'unode', 'unold', 'unown', 'unray', 'unred', 'unrid', 'unsay', 'unset', 'unsly', 'unsty', 'untap', 'untar', 'untie', 'until', 'untin', 'untop', 'upbid', 'upbuy', 'upcut', 'upeat', 'upend', 'upfly', 'uprid', 'upset', 'uptie', 'urali', 'urate', 'urbic', 'ureal', 'ureic', 'urena', 'urent', 'urger', 'urial', 'urian', 'urine', 'urite', 'urlar', 'urled', 'urman', 'urnae', 'urnal', 'ursal', 'ursid', 'urson', 'ursuk', 'usent', 'usnea', 'usnea', 'usnic', 'usure', 'usury', 'utchy', 'uteri', 'utick', 'utile', 'utsuk', 'uviol', 'varan', 'velte', 'viola', 'viral', 'vireo', 'virgo', 'visne', 'voile', 'waise', 'walsh', 'warnt', 'wasir', 'wayne', 'welsh', 'welsh', 'whits', 'wiros', 'wisen', 'wrist', 'xenia', 'xerus', 'xylol', 'xylyl', 'yacht', 'yeast', 'yinst', 'yourn', 'yquem', 'yuchi', 'yulan', 'yuman', 'yunca', 'yurta', 'zoeal', 'zymic', 'after', 'angle', 'angry', 'chain', 'clean', 'cloth', 'cruel', 'doubt', 'first', 'knife', 'laugh', 'north', 'plane', 'plant', 'plate', 'point', 'shirt', 'short', 'sound', 'south', 'stone', 'store', 'story', 'sugar', 'table', 'tired', 'train', 'under']
4 - ['aalii', 'aaron', 'abaca', 'aback', 'abase', 'abash', 'abate', 'abbie', 'abbot', 'abdal', 'abeam', 'abear', 'abhor', 'abide', 'abies', 'ablow', 'abner', 'abode', 'abody', 'aboon', 'abord', 'about', 'abram', 'abuna', 'abuse', 'abuta', 'abuzz', 'abysm', 'acana', 'acapu', 'acate', 'accoy', 'acedy', 'acerb', 'achar', 'achen', 'acher', 'achor', 'ackey', 'acmic', 'acone', 'acrab', 'acred', 'acrid', 'acroa', 'adapt', 'adati', 'adawn', 'adays', 'adead', 'adeem', 'adlay', 'adlet', 'adman', 'admit', 'admix', 'adopt', 'adorn', 'adpao', 'adrop', 'adusk', 'adust', 'adyta', 'aedes', 'aequi', 'aeric', 'aerie', 'aevia', 'afire', 'aflat', 'afoot', 'afoul', 'afret', 'agamy', 'agasp', 'agaty', 'agent', 'aggur', 'agiel', 'agley', 'agnes', 'agony', 'agral', 'agrin', 'agrom', 'agsam', 'aguey', 'agust', 'aheap', 'ahmed', 'ahmet', 'ahsan', 'ahull', 'ahush', 'aider', 'ailie', 'aimee', 'aiwan', 'ajari', 'akali', 'akeki', 'akkad', 'akule', 'akund', 'alada', 'alaki', 'alamo', 'alary', 'alawi', 'alban', 'alban', 'album', 'albus', 'alcae', 'aldol', 'aleft', 'aleph', 'algic', 'algic', 'algin', 'alias', 'alice', 'alida', 'alisp', 'alkes', 'alkyd', 'allen', 'aller', 'alley', 'alloy', 'alman', 'almug', 'alody', 'aloft', 'alpha', 'alpid', 'alula', 'alvar', 'amadi', 'amain', 'amala', 'amang', 'amani', 'amati', 'ambit', 'ambon', 'ambry', 'amend', 'amene', 'amide', 'amido', 'amiss', 'amita', 'amnia', 'amoke', 'among', 'ample', 'amply', 'ampyx', 'amula', 'amuze', 'amvis', 'amylo', 'anabo', 'ancha', 'ancon', 'anend', 'angel', 'angka', 'anigh', 'anima', 'anime', 'anita', 'anjou', 'ankee', 'ankle', 'ankus', 'annal', 'annat', 'annet', 'annie', 'annoy', 'anomy', 'antar', 'anton', 'antra', 'anura', 'anzac', 'apace', 'apaid', 'apart', 'apery', 'aping', 'apish', 'apism', 'apoda', 'aport', 'appay', 'apply', 'apsis', 'aptal', 'arado', 'aramu', 'arche', 'archy', 'archy', 'ardor', 'ardri', 'arean', 'areca', 'arend', 'argal', 'argel', 'argid', 'argil', 'argot', 'arian', 'arioi', 'arjun', 'armed', 'aroon', 'arpen', 'arras', 'arras', 'arrau', 'arses', 'arsis', 'artal', 'aruke', 'arupa', 'aryan', 'asana', 'asaph', 'asarh', 'ascan', 'ascot', 'ascot', 'asdic', 'asher', 'ashes', 'ashet', 'askar', 'asoka', 'aspen', 'assai', 'astay', 'atavi', 'ateba', 'athar', 'atilt', 'atlas', 'atlas', 'atlee', 'atmid', 'atmos', 'atnah', 'atoll', 'atomy', 'atopy', 'atrip', 'attar', 'atter', 'attid', 'aucan', 'aulae', 'aumil', 'aurae', 'aural', 'aurir', 'aurum', 'avahi', 'avail', 'avars', 'avert', 'avian', 'avick', 'avine', 'awalt', 'aweel', 'aweto', 'awful', 'awhet', 'awned', 'axial', 'axile', 'axiom', 'axion', 'axled', 'axoid', 'ayelp', 'ayllu', 'ayond', 'ayont', 'ayous', 'azoic', 'azole', 'azote', 'aztec', 'azure', 'azury', 'azyme', 'bacis', 'bagdi', 'baham', 'bahay', 'bahoe', 'bahur', 'bahut', 'baith', 'bajan', 'bajau', 'baken', 'bakie', 'bakli', 'baldy', 'balei', 'balow', 'balti', 'balut', 'banco', 'bandi', 'bantu', 'baric', 'barie', 'barmy', 'barny', 'barye', 'basic', 'basin', 'bason', 'basos', 'basto', 'batad', 'bathe', 'batis', 'baubo', 'bauch', 'baure', 'bauta', 'bavin', 'bayou', 'beamy', 'beant', 'beany', 'beast', 'becky', 'becut', 'beden', 'bedim', 'bedin', 'bedip', 'bedot', 'bedub', 'bedur', 'bedye', 'befog', 'befop', 'begem', 'beget', 'begum', 'begun', 'begut', 'behen', 'beice', 'belar', 'belch', 'below', 'beman', 'bemat', 'bemix', 'bemud', 'bench', 'bendy', 'bensh', 'beode', 'bepat', 'bepun', 'beret', 'beroe', 'berri', 'beryl', 'besan', 'beset', 'besom', 'bespy', 'bewig', 'bhang', 'bhima', 'biabo', 'biddy', 'biddy', 'bidri', 'bifid', 'bigot', 'bihai', 'biham', 'bijou', 'bikol', 'bilbo', 'bilge', 'bilic', 'bilin', 'biota', 'biota', 'biped', 'birch', 'birdy', 'birma', 'birny', 'biron', 'birse', 'bison', 'bisti', 'bitis', 'bixin', 'bizet', 'blady', 'blain', 'blanc', 'bland', 'blare', 'blate', 'bleed', 'blend', 'bless', 'blick', 'blimy', 'blite', 'blitz', 'bloat', 'blown', 'blues', 'bluet', 'bluey', 'blurb', 'blurt', 'blush', 'blype', 'boast', 'bocoy', 'bodhi', 'bodle', 'bogie', 'bohea', 'bohor', 'bolag', 'boldo', 'bolis', 'bolly', 'bolus', 'boomy', 'boort', 'boosy', 'booth', 'booty', 'boris', 'borne', 'bosch', 'bosky', 'bosom', 'bosun', 'boule', 'bourd', 'bowls', 'bowly', 'boyce', 'brace', 'brach', 'bragi', 'braid', 'brail', 'brank', 'brant', 'brash', 'bravo', 'brawn', 'braws', 'bredi', 'brent', 'brent', 'brian', 'briar', 'bring', 'brith', 'broad', 'broch', 'broil', 'broma', 'bronc', 'broon', 'brosy', 'bruce', 'brugh', 'brunt', 'bryan', 'bryce', 'bryum', 'buaze', 'buchu', 'bucko', 'buddh', 'bugre', 'bukat', 'bulge', 'bumpy', 'bundy', 'bungo', 'bunty', 'bunya', 'buran', 'burao', 'burin', 'burke', 'burny', 'burro', 'bursa', 'bussu', 'butea', 'buteo', 'butic', 'butsu', 'butte', 'butyn', 'buxom', 'buxus', 'bylaw', 'bynin', 'byway', 'cabda', 'cable', 'cacti', 'cacur', 'cader', 'cadet', 'cadet', 'cadgy', 'cados', 'cadre', 'cadua', 'cadus', 'cagey', 'cagit', 'cahiz', 'caird', 'cairn', 'cajan', 'calas', 'calix', 'calla', 'calmy', 'calor', 'caman', 'camel', 'campa', 'campe', 'campo', 'camus', 'canal', 'candy', 'canid', 'canis', 'canny', 'canty', 'canun', 'caped', 'capes', 'capon', 'capot', 'capri', 'cardo', 'caret', 'carib', 'carid', 'carls', 'carol', 'carol', 'carom', 'carse', 'carty', 'carua', 'carum', 'casal', 'casel', 'caser', 'casey', 'catan', 'cater', 'cathy', 'cauda', 'caupo', 'cavil', 'ccoya', 'cebid', 'cebur', 'cebus', 'cedar', 'cedre', 'cedry', 'ceibo', 'cello', 'cense', 'cequi', 'ceral', 'ceras', 'cerci', 'cerin', 'certy', 'cetic', 'cetyl', 'chaco', 'chair', 'chais', 'champ', 'chane', 'chang', 'chang', 'chant', 'chaos', 'chape', 'chaps', 'chapt', 'chara', 'chard', 'chare', 'chart', 'chary', 'chase', 'chasm', 'chati', 'chauk', 'chawk', 'chawl', 'chaya', 'chazy', 'cheap', 'cheat', 'cheep', 'cheet', 'cheir', 'cheka', 'cheke', 'cheki', 'chela', 'chelp', 'chena', 'cheng', 'chert', 'chess', 'cheth', 'chewy', 'chiam', 'chide', 'chief', 'child', 'chile', 'chime', 'chimu', 'china', 'chine', 'ching', 'chips', 'chirm', 'chita', 'chlor', 'choke', 'choky', 'chold', 'choli', 'choop', 'chora', 'chord', 'chort', 'chose', 'choya', 'chude', 'chump', 'chunk', 'churm', 'churn', 'chyak', 'chyle', 'chyme', 'cicad', 'cider', 'cigar', 'cigua', 'cimex', 'cinch', 'cinct', 'cisco', 'civet', 'civic', 'civil', 'civvy', 'claim', 'clame', 'clamp', 'clapt', 'clara', 'claro', 'clart', 'clary', 'clasp', 'clead', 'clear', 'cleek', 'clerk', 'cleve', 'clift', 'clima', 'climb', 'clime', 'cling', 'cloak', 'clomb', 'cloot', 'cloud', 'clove', 'cluck', 'clump', 'clung', 'clyer', 'clype', 'cnida', 'coaid', 'coaly', 'coapt', 'cobia', 'coble', 'cocco', 'cocos', 'coder', 'codon', 'cogue', 'coiny', 'colic', 'colly', 'colon', 'color', 'comal', 'comby', 'comes', 'comet', 'comic', 'comid', 'compo', 'comus', 'conal', 'coned', 'coner', 'conga', 'conky', 'conor', 'conoy', 'conto', 'conus', 'cooer', 'cooky', 'cooly', 'coomy', 'coony', 'coorg', 'copal', 'coppy', 'copra', 'copse', 'coque', 'coral', 'coram', 'cordy', 'cored', 'corey', 'corgi', 'corny', 'coroa', 'corps', 'corse', 'coryl', 'cosec', 'cotch', 'cothe', 'cothy', 'cotte', 'cotty', 'cotys', 'couac', 'cough', 'couma', 'coupe', 'coyan', 'coyly', 'coyol', 'craig', 'crank', 'crape', 'crapy', 'crass', 'crate', 'cravo', 'creat', 'creed', 'creen', 'crena', 'crept', 'crepy', 'cress', 'crete', 'cried', 'criey', 'crime', 'crine', 'criss', 'croci', 'croft', 'crome', 'crone', 'cronk', 'croon', 'cross', 'croup', 'crowl', 'cruck', 'crude', 'crunk', 'crush', 'cruth', 'ctene', 'cuban', 'cubeb', 'cuber', 'cuddy', 'cuddy', 'cueva', 'cujam', 'culex', 'cully', 'culpa', 'cumal', 'cumar', 'cumbu', 'cunza', 'cupay', 'cupid', 'cuppy', 'curch', 'curdy', 'curse', 'cushy', 'cutty', 'cyath', 'cycle', 'cylix', 'cymar', 'cymba', 'cynic', 'cyrus', 'cyrus', 'cyton', 'dabba', 'dabby', 'dabih', 'dadap', 'daijo', 'daisy', 'daiva', 'daler', 'damia', 'damie', 'dampy', 'dance', 'danli', 'danta', 'darci', 'daren', 'dares', 'darin', 'daryl', 'dashy', 'dasnt', 'dassy', 'datch', 'daube', 'dauri', 'davit', 'dawny', 'deary', 'deash', 'death', 'debus', 'debut', 'decal', 'decan', 'decap', 'decay', 'decil', 'decke', 'decoy', 'decry', 'decus', 'decyl', 'degas', 'degum', 'deify', 'deign', 'deino', 'deity', 'dekko', 'delay', 'delhi', 'delia', 'delta', 'delta', 'delve', 'demit', 'demon', 'demon', 'demos', 'denda', 'deneb', 'denim', 'denty', 'depoh', 'depth', 'derat', 'deray', 'derby', 'derby', 'deric', 'derma', 'desex', 'detar', 'deter', 'detin', 'deuce', 'dhabb', 'dheri', 'dhobi', 'dhole', 'dhoon', 'dhyal', 'diact', 'diamb', 'diary', 'dicer', 'dicky', 'dicta', 'didnt', 'didym', 'diene', 'dieri', 'dight', 'digit', 'digor', 'dimer', 'dimna', 'dinar', 'dingy', 'dinic', 'dioon', 'dioxy', 'dipus', 'dirca', 'dirty', 'ditch', 'diter', 'ditto', 'ditty', 'divot', 'dixie', 'dixie', 'dogly', 'doily', 'dolor', 'dolph', 'dompt', 'donal', 'donar', 'donet', 'doney', 'donia', 'donna', 'donna', 'donor', 'dooli', 'dooly', 'dopey', 'doric', 'dorts', 'dorty', 'dosis', 'doter', 'dotty', 'dotty', 'douar', 'douce', 'dough', 'dowie', 'downy', 'doyle', 'draba', 'draft', 'drago', 'drain', 'drang', 'drape', 'drawk', 'drawl', 'drawn', 'dregs', 'dreng', 'drest', 'drier', 'drill', 'drisk', 'droit', 'drome', 'drony', 'dropt', 'drown', 'druid', 'drunk', 'drupa', 'druxy', 'dryad', 'dryly', 'dryth', 'duane', 'dubba', 'dubhe', 'duces', 'dugal', 'duhat', 'dukhn', 'dulat', 'duler', 'dumba', 'dumpy', 'dunal', 'dunce', 'dungy', 'dupla', 'duple', 'durax', 'durio', 'duroc', 'durst', 'duryl', 'dusio', 'dusky', 'duvet', 'dwale', 'dwalm', 'dwarf', 'dwelt', 'dwyka', 'dyaus', 'dying', 'dylan', 'early', 'earth', 'eaten', 'eaved', 'echea', 'ecole', 'ectal', 'edana', 'eddic', 'edema', 'edify', 'edith', 'edwin', 'egypt', 'eight', 'eimak', 'eject', 'ekaha', 'ekron', 'elean', 'elect', 'eleut', 'elfin', 'ellen', 'elymi', 'embar', 'embay', 'embed', 'embog', 'emend', 'emery', 'emery', 'emily', 'emmet', 'empty', 'enage', 'enapt', 'ender', 'endew', 'endow', 'endue', 'enema', 'engem', 'enhat', 'enray', 'enrib', 'enter', 'entry', 'enzym', 'ephod', 'ephor', 'epopt', 'epsom', 'epulo', 'equal', 'equid', 'equip', 'erava', 'ergon', 'ergot', 'erika', 'erode', 'erose', 'erupt', 'ervum', 'erwin', 'essex', 'ester', 'estop', 'estus', 'ethal', 'ethic', 'ethid', 'ethos', 'ethyl', 'etude', 'eupad', 'event', 'evert', 'evict', 'exact', 'excel', 'exdie', 'exeat', 'exode', 'expel', 'extol', 'extra', 'exude', 'exult', 'eyoty', 'facks', 'faery', 'falco', 'false', 'fatal', 'fatil', 'fatly', 'fauna', 'feces', 'fedia', 'feist', 'felis', 'felty', 'felup', 'feoff', 'feria', 'ferio', 'ferly', 'ferme', 'ferny', 'fetid', 'fetor', 'fetus', 'feued', 'fibry', 'fiche', 'fichu', 'ficus', 'fidac', 'fidia', 'fient', 'filth', 'finis', 'firry', 'fisty', 'fitly', 'flane', 'flawn', 'fleta', 'flews', 'flirt', 'flong', 'floor', 'flory', 'floss', 'flota', 'flour', 'fluid', 'fluky', 'fluor', 'flusk', 'flute', 'fluty', 'fogon', 'fogou', 'fohat', 'foism', 'fondu', 'foots', 'force', 'fordo', 'forum', 'fossa', 'foute', 'frase', 'fraud', 'frayn', 'freit', 'fremd', 'freon', 'freya', 'frist', 'fritt', 'fritz', 'front', 'fruit', 'fubsy', 'fucus', 'fultz', 'fulup', 'fumer', 'fumet', 'funds', 'furil', 'fusee', 'fusht', 'fusil', 'gadid', 'gains', 'galen', 'gamba', 'gamut', 'ganam', 'ganch', 'garle', 'gator', 'gauby', 'gaudy', 'gault', 'gault', 'gaumy', 'gauss', 'gawby', 'gecko', 'geest', 'geira', 'gelid', 'gemmy', 'gemot', 'gemul', 'genet', 'genic', 'genip', 'genom', 'genos', 'genro', 'genty', 'genua', 'genus', 'geoff', 'getae', 'getup', 'ghoul', 'gibby', 'gibel', 'gilim', 'gilpy', 'gimel', 'girly', 'girsh', 'givey', 'glair', 'glaur', 'glean', 'glede', 'gledy', 'gleet', 'glent', 'glide', 'glint', 'glisk', 'gloam', 'globy', 'gloea', 'glome', 'glore', 'glynn', 'glyph', 'gnarl', 'gnawn', 'gobio', 'godet', 'golgi', 'gonys', 'gotha', 'gotra', 'goumi', 'goura', 'gourd', 'goyim', 'goyin', 'grand', 'grane', 'grasp', 'grebe', 'greet', 'greta', 'grift', 'grill', 'grimp', 'grind', 'gripy', 'groat', 'group', 'grout', 'grovy', 'gruel', 'grump', 'gruss', 'gryde', 'guaco', 'guama', 'guara', 'guard', 'guasa', 'guato', 'gucki', 'guess', 'guest', 'guide', 'guido', 'guile', 'guilt', 'guily', 'gulae', 'gulch', 'gulix', 'gulpy', 'gundi', 'guric', 'gusla', 'gusto', 'gutti', 'guzul', 'gyges', 'gymel', 'gyppo', 'gyric', 'habit', 'hacky', 'hadji', 'hagia', 'haida', 'haikh', 'haily', 'haine', 'haire', 'hakim', 'hance', 'hanse', 'hanse', 'haoma', 'haply', 'hardy', 'harem', 'harsh', 'hasan', 'haste', 'hasty', 'haulm', 'haunt', 'hausa', 'heady', 'heald', 'heaps', 'heart', 'hecte', 'hedge', 'hedgy', 'heedy', 'helge', 'helio', 'helly', 'heloe', 'helot', 'hemen', 'hemic', 'hemin', 'hemol', 'hempy', 'henad', 'hence', 'henny', 'hermo', 'herne', 'heron', 'herve', 'hexis', 'hexyl', 'hiant', 'hield', 'hilda', 'hilly', 'hinau', 'hindi', 'hippy', 'hired', 'hiren', 'hispa', 'hoary', 'hocky', 'hoist', 'holer', 'holia', 'homam', 'homey', 'honda', 'hooch', 'hooey', 'hooly', 'hoped', 'horde', 'horim', 'horny', 'horsy', 'hosel', 'hosta', 'hotly', 'hound', 'howdy', 'howff', 'howso', 'hsuan', 'huari', 'huave', 'human', 'humbo', 'humic', 'humid', 'humin', 'humph', 'humpy', 'humus', 'hundi', 'hunky', 'hurds', 'huron', 'huron', 'husho', 'hydra', 'hydro', 'hying', 'hyleg', 'hyoid', 'hyper', 'hypho', 'hyrax', 'hyson', 'iambe', 'ichor', 'icily', 'icing', 'ictic', 'idaho', 'idaic', 'idant', 'iddio', 'ideal', 'idean', 'idiot', 'idism', 'igdyr', 'ihlat', 'ihram', 'ijore', 'ikona', 'ilian', 'ilium', 'illth', 'iloko', 'image', 'imber', 'imine', 'imino', 'immew', 'immit', 'immix', 'impar', 'imply', 'impot', 'imshi', 'inaja', 'inane', 'inarm', 'incan', 'india', 'indra', 'indri', 'indue', 'indus', 'inerm', 'infit', 'infix', 'inger', 'inigo', 'inion', 'injun', 'inken', 'inkle', 'inlay', 'innet', 'input', 'inrub', 'inurn', 'iodol', 'iphis', 'iraqi', 'irfan', 'irgun', 'irwin', 'isawa', 'iseum', 'isiac', 'islam', 'issei', 'issue', 'itala', 'ivied', 'ivory', 'ixion', 'izumi', 'jabul', 'jaina', 'jakun', 'jaman', 'janet', 'jeans', 'jehup', 'jesus', 'jiboa', 'jinni', 'joint', 'jones', 'josie', 'joust', 'judah', 'jugum', 'juicy', 'julia', 'julio', 'julus', 'jupon', 'jurel', 'jutka', 'juvia', 'juyas', 'kadmi', 'kalon', 'kamas', 'kansa', 'kapur', 'karst', 'karst', 'kashi', 'katik', 'kedge', 'kefir', 'keita', 'keleh', 'kempt', 'kenaf', 'kenai', 'ketch', 'keten', 'ketol', 'keyed', 'khadi', 'khasa', 'khasi', 'khila', 'khmer', 'khuai', 'khuzi', 'khvat', 'kiack', 'kiang', 'kibei', 'kilan', 'kiley', 'kimmo', 'kingu', 'kioko', 'kiosk', 'kiowa', 'kishy', 'kitab', 'kitar', 'kithe', 'kiwai', 'kiyas', 'klaus', 'klops', 'klosh', 'knack', 'knape', 'knark', 'knead', 'kneed', 'knezi', 'knowe', 'known', 'knyaz', 'koali', 'kolea', 'kombu', 'konde', 'kongu', 'kosin', 'kotal', 'kotar', 'kraal', 'kraut', 'kreng', 'krina', 'krona', 'kudzu', 'kugel', 'kulah', 'kulah', 'kumbi', 'kumni', 'kumyk', 'kunai', 'kurmi', 'kusan', 'kusha', 'kusti', 'kusum', 'kusum', 'kvint', 'kyack', 'kylix', 'kyrie', 'kyung', 'laban', 'labor', 'labra', 'laced', 'lacer', 'lache', 'lacis', 'laden', 'ladle', 'laigh', 'laird', 'lamby', 'lamel', 'lamin', 'lamus', 'lanao', 'laney', 'lanky', 'lanum', 'lapse', 'larch', 'large', 'largo', 'larix', 'larky', 'lasty', 'latah', 'latax', 'lated', 'lathy', 'lavic', 'lawny', 'lazar', 'leach', 'leads', 'leady', 'leapt', 'lease', 'leath', 'leden', 'ledge', 'ledgy', 'ledol', 'ledum', 'leech', 'leigh', 'leila', 'leman', 'lemna', 'lenad', 'lenca', 'lench', 'lepas', 'leper', 'lepra', 'lepus', 'lerot', 'lesgh', 'lessn', 'letch', 'lethe', 'leuco', 'leuma', 'leung', 'levin', 'lewis', 'lewis', 'lewth', 'lexia', 'liana', 'liang', 'liard', 'libra', 'libra', 'licca', 'lichi', 'lieue', 'lifey', 'ligas', 'light', 'ligne', 'lilac', 'liman', 'limbu', 'limen', 'limer', 'limit', 'limma', 'limpy', 'lined', 'linge', 'lingo', 'lingy', 'linha', 'lipin', 'lippy', 'lisle', 'lisle', 'lithe', 'lithy', 'lived', 'livid', 'livor', 'livre', 'llama', 'loasa', 'loath', 'loave', 'lobed', 'lochy', 'locum', 'locus', 'lodge', 'loess', 'lofty', 'logia', 'logic', 'logoi', 'lohan', 'lokao', 'loket', 'longa', 'loony', 'loose', 'loppy', 'lordy', 'lored', 'lorry', 'lorum', 'lotta', 'lotte', 'louch', 'louey', 'lough', 'lower', 'lowth', 'lubra', 'lucky', 'luffa', 'luger', 'lumpy', 'lunel', 'lungi', 'lungy', 'lunka', 'lupid', 'lupus', 'lurch', 'lurky', 'lushy', 'lyard', 'lydia', 'lyery', 'lying', 'lyric', 'lyrid', 'macan', 'macao', 'machi', 'macle', 'macon', 'macro', 'madly', 'mafic', 'magic', 'magog', 'magot', 'mahdi', 'mahua', 'maidy', 'maius', 'maize', 'malic', 'malik', 'malto', 'malty', 'malus', 'manal', 'manas', 'maned', 'manei', 'manes', 'maney', 'mango', 'mangy', 'manic', 'manly', 'manny', 'manny', 'manoc', 'manor', 'manse', 'manto', 'manto', 'manus', 'maqui', 'maral', 'marci', 'marco', 'marco', 'mardy', 'mario', 'marla', 'marly', 'marty', 'masai', 'mashy', 'massa', 'masty', 'matai', 'matar', 'match', 'matey', 'matsu', 'matti', 'matti', 'matzo', 'maugh', 'mavis', 'mayan', 'maybe', 'mayda', 'maynt', 'mayor', 'mazda', 'mbori', 'mbuba', 'mckay', 'mealy', 'mecon', 'medio', 'medoc', 'meece', 'meith', 'meles', 'meloe', 'melon', 'mende', 'mendi', 'mends', 'mensa', 'merel', 'meril', 'merit', 'merle', 'merop', 'meros', 'merse', 'mesad', 'mesal', 'meshy', 'mesic', 'messy', 'mesua', 'metad', 'metel', 'meter', 'metic', 'metis', 'metze', 'meuse', 'meute', 'mewer', 'miami', 'miasm', 'miaul', 'micah', 'miche', 'midgy', 'midst', 'might', 'mikie', 'mikir', 'miler', 'miles', 'milky', 'mimic', 'mimly', 'mince', 'miner', 'mines', 'mingo', 'mingy', 'minim', 'minus', 'miqra', 'mirac', 'mirid', 'mirza', 'miser', 'misky', 'missy', 'mitis', 'mitua', 'mixed', 'mizar', 'mocha', 'mocha', 'modoc', 'mogul', 'mohur', 'moise', 'moism', 'molar', 'moldy', 'molka', 'molpe', 'monas', 'monel', 'monel', 'monny', 'monte', 'monty', 'mooch', 'moody', 'moory', 'moost', 'mooth', 'mopan', 'mopla', 'moppy', 'moqui', 'morat', 'morel', 'mores', 'morga', 'morin', 'mormo', 'moron', 'morus', 'mosgu', 'mosul', 'mosur', 'moted', 'motel', 'motey', 'mothy', 'motif', 'motor', 'motte', 'moudy', 'mould', 'mouly', 'mound', 'mount', 'mourn', 'mowch', 'mowth', 'moyen', 'mpret', 'muang', 'mucic', 'mucin', 'mucky', 'mucor', 'mudar', 'mudir', 'mudra', 'mufti', 'mufty', 'mugil', 'mukri', 'mulch', 'mulga', 'mulse', 'munch', 'munda', 'munge', 'mungo', 'mungy', 'munia', 'mural', 'murat', 'murga', 'murid', 'murly', 'murph', 'murut', 'musca', 'musci', 'mused', 'musgu', 'musie', 'musty', 'mutch', 'myall', 'myoma', 'myope', 'myops', 'myopy', 'myron', 'myron', 'myrrh', 'mysel', 'mysid', 'nabla', 'nacry', 'naght', 'nagor', 'nahua', 'nahum', 'naiad', 'naked', 'nakir', 'nambe', 'namda', 'namer', 'nandu', 'nanes', 'napal', 'napoo', 'narky', 'nasch', 'nassa', 'natty', 'naumk', 'navar', 'navel', 'navet', 'nayar', 'nazim', 'neath', 'nebel', 'needy', 'neeld', 'neele', 'neese', 'nepal', 'nerve', 'nesty', 'neter', 'netty', 'netty', 'neuma', 'neume', 'nevoy', 'newar', 'newly', 'ngapi', 'ngoko', 'niall', 'niata', 'nicky', 'nidal', 'niepa', 'nific', 'nifty', 'nigel', 'night', 'nimbi', 'ninon', 'ninon', 'ninth', 'nintu', 'ninut', 'nippy', 'nisan', 'nisei', 'nisus', 'nitch', 'nixie', 'njave', 'nobby', 'nodus', 'nogai', 'nokta', 'nolle', 'nondo', 'nonic', 'nonly', 'nonyl', 'nooky', 'norna', 'nosed', 'noser', 'notan', 'notch', 'noted', 'nowed', 'nowel', 'noyau', 'nubby', 'nucha', 'nucin', 'nudge', 'numda', 'numen', 'numud', 'nutty', 'nyaya', 'nydia', 'nyoro', 'oadal', 'oaken', 'oakum', 'oasal', 'occur', 'ochro', 'ocote', 'ocque', 'octad', 'octan', 'octet', 'octyl', 'ocuby', 'oddly', 'odeon', 'odeum', 'oecus', 'offal', 'often', 'ofter', 'oftly', 'ogeed', 'ogham', 'ohmic', 'okapi', 'okrug', 'olcha', 'olchi', 'oliva', 'oliva', 'omaha', 'omina', 'omlah', 'oncin', 'onkos', 'onlay', 'onmun', 'ontal', 'onymy', 'oopak', 'oopod', 'opata', 'ophic', 'ophis', 'opium', 'optic', 'orary', 'order', 'orgia', 'orgic', 'orlop', 'ortet', 'ortyx', 'oryza', 'oshac', 'oskar', 'osmic', 'osmin', 'ossal', 'osset', 'otary', 'other', 'othin', 'otomi', 'ottar', 'otyak', 'ought', 'ouija', 'oukia', 'ounds', 'ouphe', 'outby', 'outly', 'ouzel', 'ovary', 'ovate', 'overt', 'ovile', 'ovine', 'ovism', 'ovist', 'ovoid', 'ovula', 'owght', 'owing', 'owler', 'owlet', 'owner', 'owsen', 'oxeye', 'oxfly', 'oxide', 'oxman', 'oyana', 'pablo', 'pablo', 'pacht', 'padge', 'pahmi', 'paint', 'palch', 'pales', 'palet', 'pallu', 'palmy', 'palpi', 'pamir', 'panel', 'pangi', 'panne', 'panos', 'pansy', 'paola', 'paolo', 'papio', 'paque', 'parel', 'parge', 'paris', 'parol', 'parsi', 'parto', 'parus', 'passo', 'patas', 'paten', 'patsy', 'patte', 'pattu', 'peach', 'pearl', 'peaty', 'pecht', 'pecky', 'pecos', 'pedes', 'peeoy', 'pelon', 'penal', 'pence', 'penda', 'pengo', 'penis', 'penny', 'penny', 'penta', 'perdu', 'peres', 'perla', 'perle', 'perun', 'peste', 'petre', 'peuhl', 'pewit', 'pfund', 'phaet', 'phano', 'phare', 'phene', 'pheny', 'phoby', 'phoca', 'phoma', 'phony', 'phyla', 'phyle', 'phyma', 'picae', 'picea', 'pichi', 'picot', 'picra', 'pidan', 'piend', 'piety', 'piezo', 'pigly', 'piked', 'pikey', 'pikle', 'pilar', 'pilar', 'pilau', 'pilch', 'pilea', 'pilmy', 'pilum', 'pilus', 'pinch', 'pindy', 'piney', 'pinon', 'pinta', 'pinte', 'pinyl', 'pioxe', 'pipit', 'pique', 'pitau', 'pithy', 'pitta', 'piuri', 'place', 'plaid', 'plash', 'platt', 'platy', 'plaud', 'plead', 'pleat', 'plebe', 'plebs', 'pleck', 'pleny', 'plied', 'plier', 'plies', 'pliny', 'ploce', 'plock', 'plote', 'plouk', 'plout', 'pluck', 'pluma', 'plumb', 'plume', 'plumy', 'plunk', 'pluto', 'poach', 'pocky', 'podgy', 'pohna', 'pokom', 'polab', 'polka', 'pomak', 'pombe', 'pombo', 'ponca', 'ponce', 'pondy', 'pooch', 'poria', 'porta', 'porto', 'porty', 'posca', 'posit', 'potch', 'potoo', 'pouce', 'pouch', 'pouty', 'poyou', 'price', 'price', 'prich', 'pride', 'prima', 'primy', 'prior', 'prism', 'prius', 'prong', 'proso', 'prote', 'prowl', 'proxy', 'psalm', 'psych', 'pubal', 'pubes', 'pubic', 'pubis', 'pucka', 'pudge', 'pudgy', 'pudic', 'puist', 'pulli', 'pungi', 'punic', 'punta', 'punto', 'purdy', 'pured', 'purge', 'pussy', 'putid', 'putty', 'pyche', 'pygal', 'pylar', 'pylic', 'pyral', 'pyran', 'pyrex', 'pyrex', 'pyxie', 'pyxis', 'pyxis', 'quadi', 'quail', 'quaky', 'quant', 'quark', 'quarl', 'quart', 'quasi', 'queak', 'quean', 'quegh', 'querl', 'quern', 'query', 'quica', 'quick', 'quiet', 'quila', 'quill', 'quipo', 'quipu', 'quira', 'quirk', 'quirt', 'quits', 'quitu', 'quota', 'quote', 'quoth', 'qurti', 'rabbi', 'rache', 'radio', 'rafty', 'raghu', 'raiae', 'rainy', 'rajah', 'rajah', 'rakit', 'rally', 'ralph', 'ralph', 'raman', 'ramet', 'rammy', 'ramus', 'rance', 'ranch', 'randy', 'randy', 'range', 'ranid', 'raphe', 'rapic', 'rasen', 'raspy', 'ratal', 'rated', 'ratti', 'ratty', 'raupo', 'ravel', 'ravin', 'rayed', 'rayon', 'react', 'ready', 'realm', 'reave', 'rebec', 'rebel', 'rebus', 'rebut', 'rebuy', 'reccy', 'recti', 'recto', 'reddy', 'redia', 'redly', 'redue', 'redye', 'reese', 'regal', 'reges', 'reget', 'regle', 'regma', 'rehoe', 'relap', 'relet', 'relic', 'renet', 'renky', 'renne', 'repay', 'repeg', 'repel', 'repot', 'resaw', 'resee', 'reset', 'resow', 'resup', 'retag', 'retan', 'retch', 'retem', 'rethe', 'retie', 'retin', 'retry', 'reuel', 'rhamn', 'rheae', 'rheen', 'rheic', 'rhein', 'rheme', 'rheum', 'rheum', 'rhina', 'rhine', 'rhomb', 'riata', 'ribat', 'ricey', 'ricky', 'ridge', 'rifle', 'rifty', 'rigel', 'right', 'rigol', 'rimal', 'rimpi', 'rinch', 'ringe', 'ringy', 'rinka', 'ripen', 'rishi', 'risky', 'rivet', 'roach', 'robin', 'robin', 'roble', 'robot', 'rogue', 'rogue', 'rohun', 'roily', 'rokey', 'rollo', 'roman', 'romic', 'rompy', 'rondo', 'ronni', 'roomy', 'ropes', 'roset', 'rotge', 'rotor', 'rouge', 'round', 'roupy', 'rouse', 'routh', 'rowel', 'rowen', 'rowet', 'royal', 'ruana', 'rubia', 'rubus', 'ruche', 'rucky', 'ruing', 'rumal', 'ruman', 'rumen', 'rumex', 'rummy', 'runby', 'runer', 'rupie', 'rushy', 'rusma', 'rutch', 'rutty', 'rybat', 'saber', 'sabir', 'sacae', 'sacro', 'sadhu', 'sadic', 'sadie', 'sadly', 'sagai', 'sagum', 'sahib', 'saidi', 'saily', 'saimy', 'sajou', 'salar', 'salar', 'salat', 'salic', 'salic', 'salol', 'salol', 'salty', 'salvo', 'salvy', 'samaj', 'samal', 'sambo', 'sambo', 'samel', 'samen', 'sammy', 'sammy', 'sancy', 'sandy', 'sandy', 'sansi', 'santa', 'sapin', 'saple', 'sapor', 'sarip', 'sarna', 'sarod', 'sarpo', 'sarsa', 'satan', 'satan', 'satin', 'sauce', 'saucy', 'sauld', 'sauna', 'saury', 'saute', 'sauty', 'saxon', 'sayid', 'scale', 'scalt', 'scaly', 'scamp', 'scant', 'scarn', 'scart', 'scary', 'scaum', 'scawl', 'sceat', 'scena', 'scend', 'scene', 'scent', 'schuh', 'schwa', 'scind', 'scion', 'sclaw', 'scler', 'scoad', 'scolb', 'scone', 'scoot', 'scope', 'score', 'scots', 'scoup', 'scour', 'scowl', 'scrae', 'scran', 'scrat', 'scrim', 'scrod', 'scrum', 'scudi', 'scudo', 'sculp', 'scurf', 'scuse', 'scuta', 'seamy', 'sedan', 'sedan', 'sedat', 'seder', 'sedge', 'sedgy', 'sedum', 'sedum', 'seech', 'seenu', 'segol', 'sehyo', 'seise', 'selah', 'sella', 'selli', 'semen', 'semic', 'senam', 'senna', 'senna', 'sepad', 'sepal', 'sepia', 'sepoy', 'septi', 'serau', 'serge', 'serge', 'serif', 'sermo', 'serow', 'serra', 'serry', 'serum', 'sesia', 'setup', 'seugh', 'sexly', 'shady', 'shaft', 'shako', 'shaku', 'shari', 'shaul', 'shaup', 'shawn', 'sheal', 'shean', 'shear', 'sheen', 'sheik', 'shela', 'sheld', 'shemu', 'sheol', 'shiah', 'shice', 'shied', 'shiko', 'shirk', 'shish', 'shita', 'shoad', 'shode', 'shogi', 'shola', 'shole', 'shool', 'shoor', 'shorn', 'showy', 'shoya', 'shree', 'shree', 'shuck', 'shunt', 'shure', 'shush', 'shyam', 'shyer', 'shyly', 'sibby', 'sibyl', 'sicel', 'sider', 'sidhe', 'sidth', 'siege', 'siena', 'sievy', 'sigil', 'sigma', 'sigma', 'sikar', 'siket', 'silky', 'silva', 'silyl', 'sinew', 'singe', 'singh', 'sioux', 'sipid', 'sirup', 'sissu', 'sissy', 'sitch', 'sitio', 'sitta', 'situs', 'sivan', 'sixte', 'sixty', 'sizal', 'skair', 'skein', 'skemp', 'skete', 'skewl', 'skimp', 'skirl', 'skoal', 'skyre', 'slade', 'slamp', 'slang', 'slaty', 'slaum', 'slavi', 'sleck', 'sleep', 'sleer', 'sleet', 'slete', 'slice', 'slimy', 'slink', 'slock', 'slope', 'sloth', 'sloyd', 'sluig', 'slump', 'slung', 'smaik', 'smell', 'smeth', 'smich', 'smile', 'smily', 'smite', 'smith', 'smoky', 'smolt', 'smook', 'smote', 'smout', 'smyth', 'snafu', 'snape', 'snapy', 'snary', 'snead', 'sneck', 'sneer', 'snell', 'snerp', 'snide', 'snift', 'snipy', 'snock', 'snoga', 'snoot', 'snowk', 'snowl', 'snowy', 'snuck', 'snurp', 'soapy', 'socht', 'socii', 'socky', 'sodic', 'sodom', 'softa', 'softy', 'soken', 'solay', 'soldi', 'soldo', 'soler', 'solod', 'solon', 'solon', 'solum', 'solve', 'somal', 'somal', 'songo', 'sonja', 'sonny', 'sonny', 'sophy', 'sophy', 'sopor', 'sorda', 'sorgo', 'sorra', 'sorry', 'sosia', 'soter', 'sotik', 'sough', 'souly', 'soupy', 'sowan', 'sowar', 'sowel', 'sowle', 'soyot', 'spacy', 'spaer', 'spahi', 'spaid', 'spasm', 'spate', 'speak', 'speck', 'specs', 'spelt', 'speos', 'spick', 'spicy', 'spier', 'spill', 'spire', 'spirt', 'spiry', 'spise', 'splay', 'splet', 'split', 'spong', 'sport', 'sposh', 'sprit', 'spume', 'spumy', 'spung', 'squam', 'squat', 'squin', 'squit', 'staab', 'stacy', 'stade', 'stagy', 'staia', 'stain', 'stale', 'stalk', 'stall', 'stand', 'stane', 'stare', 'starn', 'stash', 'staup', 'stawn', 'stchi', 'stead', 'steal', 'stech', 'steel', 'stele', 'stell', 'stema', 'stend', 'sterk', 'stero', 'steve', 'stich', 'still', 'stilt', 'stime', 'stink', 'stipa', 'stirp', 'stivy', 'stoat', 'stogy', 'stony', 'stoon', 'stopa', 'stope', 'storm', 'stoss', 'stoup', 'stray', 'strey', 'strip', 'strom', 'strub', 'stude', 'study', 'stull', 'stump', 'sturk', 'sturt', 'styca', 'suade', 'suant', 'subah', 'sudan', 'suddy', 'sudic', 'sudsy', 'suede', 'suety', 'suevi', 'suina', 'suine', 'suing', 'sulea', 'sulky', 'sulla', 'sully', 'sumak', 'sumph', 'sunna', 'sunni', 'super', 'surah', 'sures', 'surgy', 'surya', 'susie', 'sutor', 'swain', 'swati', 'swego', 'swimy', 'swing', 'swish', 'swiss', 'swiss', 'swith', 'sword', 'sycee', 'sylid', 'sylph', 'syrup', 'tabes', 'tabid', 'tabor', 'tacca', 'tache', 'tacit', 'tacky', 'tagal', 'tahil', 'tahua', 'taily', 'taipi', 'takin', 'takyr', 'talar', 'taled', 'taler', 'talky', 'talma', 'taluk', 'talus', 'tamas', 'tambo', 'tammy', 'tammy', 'tandy', 'tangi', 'tangs', 'tanoa', 'tapen', 'tapet', 'tapia', 'tapir', 'tapis', 'tapul', 'tarai', 'tarau', 'tardy', 'tarea', 'taroc', 'tarok', 'tarve', 'tasse', 'tasty', 'tates', 'tatie', 'tatou', 'taube', 'taula', 'tawie', 'tawny', 'tawpi', 'taxon', 'taxus', 'tayer', 'tchai', 'teach', 'teaer', 'teaey', 'teary', 'techy', 'tecla', 'teddy', 'teems', 'teeny', 'teind', 'tejon', 'tejon', 'telei', 'tellt', 'tembu', 'temin', 'tempe', 'tempo', 'temse', 'tench', 'tepid', 'tepor', 'terap', 'tereu', 'terma', 'terri', 'terse', 'teste', 'tetch', 'tetra', 'tetum', 'tewel', 'tewly', 'texan', 'texas', 'thais', 'thana', 'thank', 'thats', 'thave', 'thawn', 'theca', 'theek', 'thegn', 'theme', 'there', 'therm', 'these', 'thewy', 'thief', 'thilk', 'thine', 'thing', 'third', 'thoke', 'thole', 'thone', 'thoom', 'thoro', 'those', 'those', 'thowt', 'thram', 'three', 'threw', 'throb', 'throu', 'thrum', 'thuja', 'thump', 'thung', 'thurl', 'thurm', 'thyme', 'tiara', 'tibey', 'tibia', 'ticca', 'ticer', 'ticky', 'tidal', 'tided', 'tigre', 'tikor', 'tilda', 'tilia', 'tilly', 'tilty', 'timar', 'timer', 'times', 'timid', 'tinct', 'tinea', 'tinge', 'tingi', 'tinne', 'tinny', 'tinty', 'tipsy', 'tipup', 'tirve', 'tithe', 'titre', 'tiwaz', 'today', 'toddy', 'toity', 'tokay', 'tokay', 'token', 'toldo', 'tolly', 'tolyl', 'toman', 'tombe', 'tomin', 'tonal', 'toner', 'tonga', 'tonga', 'tongs', 'toosh', 'topic', 'topsy', 'toque', 'torah', 'toran', 'torch', 'tored', 'torii', 'torma', 'torso', 'torve', 'toshy', 'total', 'totum', 'touch', 'tough', 'tould', 'touse', 'tousy', 'tovar', 'towai', 'towny', 'toyer', 'toyon', 'track', 'tracy', 'trade', 'traik', 'trant', 'trass', 'treey', 'trema', 'trent', 'triad', 'trick', 'trier', 'trifa', 'trill', 'tripe', 'troat', 'trock', 'tromp', 'trope', 'truck', 'trudy', 'truer', 'trull', 'truss', 'trust', 'trypa', 'tryst', 'tsere', 'tsuba', 'tsubo', 'tsuma', 'tuath', 'tubal', 'tubar', 'tuber', 'tubig', 'tucky', 'tufan', 'tugui', 'tukra', 'tumid', 'tumor', 'tunga', 'tungo', 'tunic', 'tunny', 'tuque', 'turbo', 'turbo', 'turgy', 'turma', 'turps', 'tusky', 'tutin', 'tutly', 'tutor', 'twale', 'twalt', 'tweag', 'tweed', 'tweil', 'twice', 'twick', 'twilt', 'twiny', 'twire', 'twirk', 'twirl', 'twist', 'twixt', 'tyigh', 'tying', 'tyken', 'typal', 'typer', 'typha', 'tzaam', 'uaupe', 'uayeb', 'udell', 'ugric', 'uhlan', 'uhllo', 'uigur', 'uinal', 'ulcer', 'ulema', 'ulmus', 'ululu', 'ulvan', 'umbel', 'umber', 'umbra', 'umbra', 'umiak', 'umpty', 'unact', 'unary', 'unbar', 'unbay', 'unbet', 'unbit', 'unboy', 'uncap', 'undam', 'unden', 'undig', 'undog', 'undry', 'undub', 'undue', 'undug', 'uneye', 'unfur', 'ungka', 'ungum', 'unhat', 'unhid', 'uniat', 'uniat', 'unice', 'uninn', 'union', 'unked', 'unkey', 'unlay', 'unman', 'unmix', 'unona', 'unpot', 'unput', 'unram', 'unrip', 'unrra', 'unsad', 'unsee', 'unsew', 'unshy', 'unsin', 'unson', 'untax', 'unuse', 'unwan', 'unweb', 'unwig', 'uparm', 'upbar', 'upbay', 'upcry', 'updry', 'upget', 'upher', 'uplay', 'upleg', 'upmix', 'uprip', 'uprun', 'upsey', 'upsit', 'upsun', 'upsup', 'urban', 'urban', 'urdee', 'uredo', 'uredo', 'ureid', 'uriah', 'ursus', 'urucu', 'usage', 'ushak', 'uskok', 'usque', 'uster', 'usual', 'usurp', 'utees', 'utrum', 'utter', 'uvate', 'uvito', 'uzbak', 'vague', 'vakil', 'valid', 'valsa', 'value', 'vanir', 'vatic', 'vedic', 'veily', 'veldt', 'velic', 'velum', 'venie', 'venue', 'vicia', 'vicki', 'video', 'vidry', 'vidua', 'vidya', 'vigil', 'vijao', 'vinea', 'vinod', 'virtu', 'virus', 'visie', 'visor', 'vista', 'visto', 'vital', 'voice', 'vomit', 'vouli', 'vraic', 'waasi', 'waist', 'wakhi', 'walth', 'wanle', 'wanly', 'wasat', 'wasco', 'wauns', 'weepy', 'weesh', 'weigh', 'weird', 'weism', 'wekau', 'wendi', 'westy', 'whack', 'whamp', 'wharl', 'whats', 'whaup', 'wheam', 'wheki', 'whelm', 'whick', 'whiff', 'while', 'whilk', 'whils', 'whing', 'whiny', 'whipt', 'whirl', 'whisp', 'whist', 'white', 'whity', 'whole', 'whoop', 'whore', 'whorl', 'whuff', 'whulk', 'whush', 'whute', 'wicht', 'widen', 'widow', 'width', 'wisht', 'wisse', 'wiste', 'witan', 'wloka', 'wokas', 'wolof', 'world', 'worst', 'wouch', 'wrath', 'write', 'wrung', 'xenyl', 'xeres', 'xylem', 'xylia', 'xylon', 'xyrid', 'xyris', 'xysti', 'yagua', 'yagua', 'yakin', 'yakut', 'yamel', 'yamen', 'yameo', 'yamph', 'yapok', 'yaqui', 'yasna', 'yauld', 'yearn', 'yemen', 'yerth', 'yesso', 'yeuky', 'yeven', 'ygapo', 'yince', 'yirth', 'yodel', 'yoick', 'young', 'yours', 'youth', 'yowie', 'yucca', 'yucca', 'yurak', 'yurok', 'yuruk', 'zabti', 'zante', 'zayat', 'zebub', 'zemmi', 'zemni', 'zhmud', 'zibet', 'zimbi', 'zimme', 'zimmi', 'zinco', 'zirak', 'zloty', 'zmudz', 'zonta', 'zoril', 'zosma', 'zygon', 'zymin', 'about', 'among', 'basin', 'cheap', 'chief', 'clear', 'cloud', 'cough', 'crime', 'crush', 'death', 'dirty', 'drain', 'early', 'earth', 'equal', 'event', 'false', 'floor', 'force', 'front', 'fruit', 'group', 'guide', 'heart', 'light', 'limit', 'loose', 'match', 'mixed', 'nerve', 'night', 'order', 'other', 'owner', 'paint', 'place', 'price', 'quick', 'quiet', 'range', 'ready', 'right', 'round', 'scale', 'sleep', 'slope', 'smell', 'smile', 'steel', 'still', 'there', 'thing', 'touch', 'trade', 'trick', 'twist', 'value', 'voice', 'while', 'white', 'young']
5 - ['abaff', 'abaft', 'abask', 'abaze', 'abbas', 'abbey', 'abdat', 'abidi', 'abohm', 'abort', 'above', 'abrim', 'abyss', 'acker', 'adage', 'adapa', 'addle', 'adeep', 'adela', 'adfix', 'adjag', 'adnex', 'adobe', 'adoxa', 'adoxy', 'adoze', 'adrip', 'aface', 'afear', 'affix', 'afric', 'again', 'agama', 'agama', 'agami', 'agate', 'agena', 'aggie', 'aggry', 'aghan', 'aglet', 'aglow', 'agone', 'agrah', 'agree', 'ahead', 'ahong', 'ahura', 'ahwal', 'aimak', 'aimer', 'ajuga', 'akala', 'akpek', 'alack', 'alala', 'alala', 'alarm', 'albee', 'aleck', 'algae', 'algid', 'algol', 'algum', 'alike', 'alima', 'allow', 'alogy', 'aloof', 'alpax', 'alvah', 'alvan', 'alvin', 'alvus', 'amaas', 'amaga', 'amapa', 'amara', 'amass', 'amaze', 'amban', 'ambar', 'ambay', 'amber', 'amble', 'ambos', 'ameed', 'ameen', 'amhar', 'amigo', 'amove', 'anama', 'anana', 'anasa', 'anele', 'anent', 'anger', 'aniba', 'animi', 'anion', 'annam', 'apama', 'apeak', 'aphra', 'apiin', 'apina', 'apnea', 'apoop', 'appet', 'apple', 'araby', 'araca', 'ardeb', 'aread', 'areng', 'arhar', 'arkab', 'armer', 'armor', 'arneb', 'arnee', 'aroma', 'arrow', 'artar', 'artha', 'arval', 'arvel', 'arzan', 'ascii', 'askew', 'askip', 'askos', 'asper', 'aspic', 'assam', 'assay', 'assis', 'asway', 'ataxy', 'atypy', 'auger', 'aurar', 'avast', 'avery', 'awabi', 'await', 'awald', 'awane', 'aware', 'awash', 'awide', 'awing', 'awink', 'awner', 'awoke', 'awork', 'axite', 'axman', 'azine', 'azoch', 'azofy', 'azoth', 'babua', 'babul', 'bacao', 'bacca', 'bache', 'bacon', 'badan', 'badly', 'badon', 'bafta', 'bagel', 'baggy', 'bagre', 'bahai', 'bahar', 'bairn', 'baize', 'bakal', 'baked', 'balai', 'balao', 'balao', 'balky', 'balli', 'bally', 'balmy', 'balor', 'banal', 'banat', 'bando', 'banig', 'banky', 'banns', 'bardo', 'bardy', 'barge', 'barid', 'baris', 'barth', 'basal', 'based', 'basis', 'bassa', 'basso', 'basta', 'batak', 'batan', 'bated', 'baume', 'bawra', 'bayal', 'bayed', 'bayok', 'beach', 'beady', 'beala', 'beard', 'bearm', 'beata', 'beata', 'beath', 'beaux', 'bebog', 'bebop', 'becap', 'becry', 'beday', 'bedel', 'bedew', 'bedog', 'beech', 'beefy', 'beery', 'beeth', 'befit', 'begat', 'begay', 'begin', 'begob', 'behap', 'beige', 'being', 'bejig', 'bekah', 'bekko', 'belam', 'belay', 'belga', 'belly', 'bemba', 'benab', 'benda', 'benin', 'benjy', 'benjy', 'benny', 'benny', 'benty', 'benzo', 'bepaw', 'bepen', 'beray', 'bergy', 'berne', 'berth', 'beryx', 'besee', 'bessy', 'betel', 'betis', 'betta', 'bevue', 'bewet', 'bezzi', 'bhaga', 'bhalu', 'bhara', 'bibio', 'bidar', 'bigha', 'bight', 'bilch', 'bilgy', 'bilio', 'bingo', 'bingy', 'black', 'blade', 'blame', 'blank', 'blart', 'blash', 'blear', 'bleat', 'bleck', 'blimp', 'blind', 'blizz', 'block', 'bloke', 'blout', 'blowy', 'bluer', 'blunk', 'bobac', 'bocal', 'bocca', 'bocce', 'boche', 'boder', 'bodge', 'bogey', 'bogle', 'bogue', 'bogum', 'bogus', 'boiko', 'boily', 'boist', 'bokom', 'boled', 'bombo', 'bonce', 'boned', 'bonny', 'bonny', 'bonus', 'bonze', 'boody', 'boone', 'boonk', 'boost', 'borgh', 'boron', 'borty', 'boryl', 'botch', 'bothy', 'bouge', 'bough', 'bourg', 'bourn', 'bouto', 'bovid', 'bowet', 'boxty', 'boyla', 'brack', 'bract', 'brahm', 'brain', 'braky', 'brass', 'brawl', 'breck', 'brede', 'breed', 'breek', 'breth', 'brett', 'brett', 'breva', 'brick', 'bride', 'bride', 'brief', 'brill', 'brink', 'brisk', 'briza', 'brock', 'brome', 'bronk', 'broth', 'brown', 'brume', 'brush', 'bruzz', 'bubal', 'bucca', 'bucco', 'bucky', 'bucky', 'budge', 'bugan', 'buggy', 'bugle', 'build', 'buist', 'bulak', 'bulgy', 'bunce', 'bunda', 'bundu', 'bungy', 'bunko', 'burgh', 'burut', 'bushi', 'butch', 'butty', 'buyer', 'byron', 'caama', 'cabal', 'caban', 'cabas', 'cabby', 'cabot', 'cacam', 'caddo', 'caddy', 'cadew', 'cadge', 'caeca', 'caffa', 'cafiz', 'caged', 'cakey', 'caleb', 'calli', 'callo', 'calve', 'calyx', 'canch', 'canna', 'canna', 'caoba', 'capax', 'capel', 'caper', 'cappy', 'capra', 'capsa', 'carat', 'carbo', 'carga', 'carob', 'carya', 'casco', 'cased', 'casha', 'catch', 'catha', 'catty', 'catty', 'cauma', 'cause', 'cavia', 'cavie', 'cavus', 'cawky', 'caxon', 'cease', 'cebil', 'cecil', 'ceder', 'ceiba', 'ceile', 'cella', 'cered', 'chack', 'chafe', 'chaft', 'chaga', 'chaka', 'chalk', 'chama', 'chank', 'charm', 'chaus', 'check', 'cheek', 'cheer', 'chest', 'cheve', 'chevy', 'chick', 'chico', 'chico', 'chili', 'chink', 'chink', 'chino', 'chirp', 'chive', 'cholo', 'chopa', 'chott', 'chowk', 'chuck', 'chuck', 'chufa', 'chuje', 'churr', 'cicer', 'cilia', 'cirri', 'citee', 'clamb', 'clang', 'clark', 'clark', 'class', 'clave', 'clavy', 'cleam', 'cliff', 'cliff', 'clink', 'clive', 'cloop', 'cluff', 'clunk', 'coach', 'coact', 'coarb', 'coaxy', 'cobby', 'cobra', 'cocci', 'cocky', 'codex', 'codol', 'cogon', 'cohen', 'coign', 'colza', 'coman', 'comer', 'comfy', 'comma', 'comox', 'conch', 'cooee', 'coomb', 'copsy', 'copus', 'corah', 'corge', 'corky', 'corol', 'cosse', 'cotta', 'couch', 'covet', 'covid', 'covin', 'cowal', 'cowle', 'crake', 'cramp', 'crawm', 'crazy', 'cream', 'credo', 'creem', 'crepe', 'crier', 'crink', 'croak', 'crood', 'crool', 'crowd', 'croze', 'cruce', 'cubby', 'cubic', 'cueca', 'culla', 'cumic', 'cunan', 'curby', 'curer', 'curve', 'cusec', 'cutup', 'cycad', 'cycas', 'czech', 'dacus', 'dafla', 'dagga', 'daggy', 'dairy', 'daker', 'dakir', 'dalar', 'dally', 'daman', 'damme', 'damon', 'danai', 'danic', 'danny', 'darac', 'darat', 'darby', 'daric', 'darii', 'dasya', 'dater', 'david', 'dayal', 'debar', 'debby', 'debby', 'deben', 'debit', 'decad', 'defat', 'deice', 'deink', 'dekle', 'della', 'demal', 'demob', 'dense', 'derah', 'derry', 'desma', 'dessa', 'detax', 'devil', 'devon', 'dewan', 'dewax', 'dewey', 'dhava', 'didie', 'didle', 'didna', 'didst', 'difda', 'diker', 'dilli', 'dilly', 'dinah', 'dinge', 'dinky', 'dirge', 'disme', 'divan', 'divvy', 'dixit', 'dizen', 'djave', 'djuka', 'dobby', 'dobla', 'dobra', 'doddy', 'dogal', 'dogra', 'dolly', 'domal', 'domba', 'domer', 'domic', 'donee', 'donga', 'dorab', 'dorje', 'dormy', 'doser', 'doted', 'dowdy', 'dowel', 'dowry', 'dowse', 'drake', 'drama', 'drank', 'drate', 'dream', 'dreep', 'dress', 'drink', 'drive', 'drogh', 'droll', 'drone', 'droop', 'dross', 'drouk', 'drove', 'drupe', 'duala', 'dubby', 'dujan', 'dummy', 'dunne', 'dunny', 'duper', 'duppy', 'durry', 'dwang', 'dwine', 'dyker', 'earle', 'easer', 'ecize', 'eddie', 'edgar', 'educe', 'eeler', 'egest', 'egret', 'eigne', 'eimer', 'elate', 'elder', 'elegy', 'elemi', 'elfic', 'elide', 'eloge', 'elute', 'elvet', 'ember', 'embow', 'emcee', 'emmer', 'emote', 'empeo', 'enarm', 'ended', 'enemy', 'envoy', 'ephah', 'equus', 'erase', 'erect', 'erept', 'error', 'esker', 'essie', 'ethel', 'ethel', 'ether', 'ettle', 'ewery', 'exert', 'exlex', 'exody', 'exter', 'eying', 'eyrie', 'eyrir', 'faced', 'facet', 'facia', 'facty', 'faden', 'fagot', 'fains', 'faint', 'faith', 'fanam', 'fancy', 'fangy', 'fanti', 'farcy', 'fardh', 'farmy', 'farsi', 'fault', 'faust', 'fawny', 'feast', 'featy', 'fecal', 'feere', 'feign', 'felid', 'felly', 'felon', 'femic', 'femur', 'fence', 'feral', 'ferie', 'fetch', 'fiard', 'fides', 'fidge', 'fiend', 'fifth', 'fikie', 'filar', 'filix', 'filmy', 'fingu', 'fique', 'firca', 'fishy', 'fjeld', 'flair', 'flamb', 'flask', 'flavo', 'fleet', 'flick', 'flier', 'flimp', 'flint', 'flipe', 'flisk', 'flite', 'flosh', 'flown', 'floyd', 'fluke', 'flung', 'flurr', 'flush', 'flype', 'foaly', 'foamy', 'folia', 'folky', 'fomes', 'footy', 'forel', 'forgo', 'forme', 'forst', 'fotui', 'fount', 'fovea', 'fraid', 'franc', 'frawn', 'freet', 'freir', 'freyr', 'friar', 'frock', 'frowy', 'frump', 'fubby', 'fudgy', 'fugal', 'fuggy', 'fugue', 'fulah', 'fundi', 'fungi', 'fungo', 'fural', 'furca', 'furud', 'furyl', 'fused', 'fussy', 'fusus', 'gabby', 'gable', 'gaddi', 'gaddi', 'gaily', 'gaine', 'galah', 'galee', 'galei', 'galet', 'galey', 'galik', 'gamin', 'gansy', 'ganza', 'gapes', 'garce', 'gareh', 'garum', 'gashy', 'gaspy', 'gatha', 'gaunt', 'gaura', 'gauzy', 'gavia', 'gebur', 'gekko', 'gemel', 'gemma', 'gemma', 'genal', 'genep', 'genii', 'genys', 'geode', 'gerah', 'gerbe', 'gerim', 'germy', 'gesan', 'gesso', 'geste', 'getah', 'getic', 'geyan', 'ghazi', 'ghoom', 'giant', 'gibbi', 'gibus', 'giddy', 'gigot', 'gilly', 'ginny', 'ginny', 'gippy', 'girba', 'girny', 'girse', 'glace', 'glady', 'glaga', 'glaik', 'glaky', 'gland', 'glare', 'glary', 'glaum', 'glaux', 'gleam', 'gleba', 'glebe', 'gleed', 'gleek', 'glenn', 'glial', 'gliff', 'glime', 'gloat', 'globe', 'gloom', 'gluck', 'glued', 'gluey', 'gluma', 'glume', 'glump', 'goaty', 'goave', 'gobbe', 'gobia', 'godly', 'goldy', 'goldy', 'golee', 'golem', 'golpe', 'gondi', 'gonia', 'gonid', 'goody', 'gooma', 'gorra', 'gorsy', 'gouda', 'goudy', 'gouty', 'grace', 'grace', 'grade', 'grail', 'graip', 'grama', 'grame', 'gramp', 'grant', 'grant', 'grape', 'graph', 'grapy', 'grass', 'gravy', 'great', 'grebo', 'grece', 'gregg', 'grice', 'griff', 'griff', 'grime', 'gripe', 'grith', 'groot', 'grouf', 'growl', 'gruff', 'grume', 'grunt', 'guaka', 'guana', 'guana', 'gubbo', 'guiba', 'guige', 'guijo', 'guild', 'gujar', 'gular', 'gules', 'gulfy', 'gumbo', 'gumby', 'gumly', 'gumma', 'gummy', 'gundy', 'gunge', 'gunne', 'gunny', 'guppy', 'guran', 'gurge', 'gusty', 'gutta', 'gutte', 'gweed', 'gwely', 'gyral', 'habab', 'habbe', 'hades', 'hafiz', 'hairy', 'hajib', 'hakam', 'hakka', 'halch', 'haler', 'halma', 'haloa', 'hamal', 'hamal', 'hamel', 'hammy', 'hamsa', 'hamus', 'hamza', 'handy', 'hange', 'hanky', 'hanna', 'harbi', 'harpa', 'harpy', 'hasky', 'hasta', 'hathi', 'hatti', 'hatty', 'hatty', 'hauld', 'hause', 'hawky', 'heapy', 'heave', 'heder', 'heeze', 'heezy', 'hefty', 'heidi', 'heigh', 'helix', 'hello', 'helve', 'hemad', 'hemal', 'henna', 'hepar', 'herby', 'herma', 'herse', 'hertz', 'heuau', 'heugh', 'hevea', 'hided', 'hider', 'hienz', 'hiper', 'hippa', 'hiram', 'hoard', 'hobby', 'hocco', 'hocus', 'hoddy', 'hogni', 'hoick', 'hoise', 'hokey', 'hokum', 'holey', 'hollo', 'hondo', 'honor', 'hooky', 'hoose', 'hoove', 'hoppy', 'horme', 'hosed', 'hotel', 'hotta', 'howea', 'huaca', 'hubba', 'hubby', 'hucho', 'hulky', 'humor', 'hurly', 'hurri', 'hurst', 'husky', 'husky', 'hybla', 'hyena', 'hypha', 'iambi', 'iberi', 'icica', 'idgah', 'idist', 'idite', 'igara', 'iliac', 'iliac', 'iliad', 'iliau', 'ilima', 'imago', 'imban', 'imbat', 'imide', 'inapt', 'indan', 'ineri', 'inial', 'inker', 'inkra', 'inlaw', 'invar', 'iodic', 'iowan', 'irian', 'irish', 'irvin', 'itali', 'itcze', 'izard', 'iztle', 'jabia', 'jabot', 'jacob', 'jagat', 'jagla', 'jagua', 'jaime', 'jalap', 'jamie', 'janos', 'jantu', 'janua', 'janus', 'japan', 'japan', 'japyx', 'jasey', 'jason', 'jawab', 'jeany', 'jebus', 'jemez', 'jemmy', 'jemmy', 'jibby', 'jihad', 'jimmy', 'jimmy', 'jiqui', 'jocko', 'jocum', 'jokul', 'jonas', 'joola', 'jorum', 'joshi', 'josip', 'joule', 'jours', 'jowly', 'joyce', 'juang', 'judas', 'judex', 'jufti', 'julep', 'jumba', 'jumpy', 'junco', 'junta', 'junto', 'jurat', 'justo', 'jutic', 'kados', 'kafta', 'kahau', 'kaiwi', 'kajar', 'kamao', 'kamba', 'kamik', 'kaneh', 'kapai', 'kapok', 'kappa', 'kappe', 'kaput', 'karel', 'karou', 'kaska', 'kassu', 'katar', 'kayak', 'kayan', 'kecky', 'kedar', 'keech', 'keena', 'keest', 'keeve', 'kefti', 'keith', 'kelep', 'kelpy', 'kempy', 'kench', 'kerel', 'keres', 'kerri', 'keryx', 'kette', 'ketyl', 'kevyn', 'khair', 'khaja', 'khami', 'khass', 'khaya', 'khoja', 'khoja', 'khond', 'khula', 'kiaki', 'kiddy', 'kieye', 'kikki', 'kilah', 'kileh', 'kilim', 'kinch', 'kinch', 'kippy', 'kirve', 'kissy', 'kiswa', 'knave', 'kniaz', 'kodro', 'kogia', 'kohua', 'kokam', 'kokio', 'kokum', 'kolis', 'kongo', 'koorg', 'koppa', 'korec', 'korin', 'korwa', 'kovil', 'koyan', 'kraft', 'krepi', 'kroon', 'kufic', 'kukri', 'kukui', 'kulak', 'kuman', 'kunbi', 'kurus', 'kvass', 'kwapa', 'labba', 'labis', 'lacca', 'lagan', 'lagen', 'lamba', 'lamba', 'lammy', 'lamna', 'lanaz', 'lanny', 'lapel', 'laria', 'larry', 'larry', 'larva', 'larve', 'latex', 'lauia', 'lawzy', 'layer', 'leaky', 'leban', 'leeky', 'legal', 'leger', 'leges', 'leggy', 'lehua', 'lekha', 'lemel', 'lemma', 'lenny', 'lerwa', 'letty', 'levee', 'levis', 'libby', 'libel', 'liber', 'liber', 'liege', 'liken', 'likin', 'limby', 'limes', 'limmu', 'linen', 'linga', 'linje', 'linky', 'linne', 'lipan', 'lithi', 'llano', 'loach', 'loamy', 'lobby', 'locky', 'lodha', 'lohar', 'loopy', 'losel', 'lotto', 'lover', 'lowan', 'loxia', 'loxic', 'luigi', 'lummy', 'lurer', 'lurry', 'lusky', 'luxus', 'mabel', 'macaw', 'macco', 'macer', 'madam', 'madge', 'madia', 'madoc', 'magas', 'maghi', 'magma', 'mahar', 'mahra', 'mahri', 'maida', 'major', 'major', 'makua', 'malay', 'malva', 'mambo', 'mande', 'manga', 'mange', 'mangi', 'manid', 'manis', 'manna', 'manta', 'mapau', 'maple', 'mappy', 'march', 'march', 'marek', 'maria', 'maria', 'marid', 'marok', 'marry', 'masha', 'masse', 'massy', 'matra', 'matte', 'matty', 'mauri', 'mauve', 'mawky', 'mayer', 'mayey', 'mazic', 'mazur', 'mazut', 'mbaya', 'mecca', 'medal', 'meeks', 'meese', 'meggy', 'meile', 'melee', 'melia', 'mensk', 'merat', 'merch', 'mercy', 'merge', 'mergh', 'mesem', 'metal', 'metin', 'mezzo', 'miaow', 'micky', 'middy', 'mider', 'midge', 'miffy', 'milha', 'milla', 'milla', 'mille', 'milly', 'mimeo', 'minar', 'minge', 'minny', 'mirak', 'mirth', 'misdo', 'mitch', 'miter', 'mitty', 'mixer', 'mobby', 'mobed', 'moble', 'mocoa', 'modal', 'model', 'mohar', 'mohel', 'molal', 'molge', 'molly', 'molly', 'momme', 'momus', 'monad', 'monal', 'moner', 'money', 'mongo', 'month', 'mools', 'moony', 'moore', 'mopus', 'moral', 'moran', 'moray', 'mordv', 'moric', 'moroc', 'morph', 'morse', 'morse', 'morth', 'mosey', 'mossy', 'moter', 'motet', 'motto', 'mousy', 'mouth', 'movie', 'mowha', 'mowie', 'moyle', 'mudde', 'muddy', 'muggy', 'mulla', 'munga', 'murex', 'murky', 'murmi', 'murre', 'murva', 'muser', 'musha', 'mushy', 'music', 'musky', 'mussy', 'mymar', 'mysis', 'nabal', 'nabob', 'naggy', 'naker', 'nakoo', 'namaz', 'nance', 'nandi', 'nandi', 'nappy', 'narra', 'nasab', 'nasua', 'navew', 'nazir', 'nebby', 'neddy', 'needs', 'neeze', 'negro', 'negro', 'negus', 'negus', 'neigh', 'nejdi', 'nenta', 'neper', 'nervy', 'nevus', 'newel', 'nexal', 'nexum', 'nibby', 'niche', 'nidge', 'niece', 'nifle', 'nigua', 'nihal', 'nikau', 'nitty', 'niuan', 'nizam', 'nizam', 'nodal', 'noded', 'nomad', 'nonda', 'nones', 'nonet', 'noose', 'nopal', 'novel', 'novem', 'noway', 'nubia', 'nummi', 'nuque', 'obley', 'obole', 'ocher', 'octic', 'odoom', 'oghuz', 'ogive', 'ogmic', 'ology', 'onion', 'oolak', 'ootid', 'ormer', 'ortho', 'otate', 'otkon', 'outdo', 'ovolo', 'oxbow', 'oxboy', 'oxime', 'oxlip', 'oxter', 'ozark', 'paauw', 'pacay', 'paced', 'padda', 'paddy', 'paddy', 'padle', 'padre', 'padus', 'paean', 'pagus', 'palas', 'palau', 'palay', 'paled', 'palla', 'pally', 'palma', 'palta', 'palus', 'palus', 'panda', 'paned', 'panic', 'panse', 'panto', 'panty', 'papal', 'papaw', 'papey', 'papyr', 'param', 'parch', 'pardo', 'paren', 'parly', 'parma', 'parma', 'parse', 'party', 'pasan', 'pasch', 'pashm', 'paste', 'pasty', 'patao', 'patch', 'patel', 'pathy', 'patty', 'patty', 'paula', 'pauxi', 'pavid', 'pavis', 'payed', 'payee', 'payor', 'peace', 'peage', 'peaky', 'peart', 'pecan', 'pedee', 'pedro', 'pedro', 'peele', 'peery', 'peggy', 'peggy', 'pekin', 'pekin', 'pelew', 'pelta', 'penni', 'perca', 'peril', 'perit', 'perty', 'pesah', 'pesky', 'peter', 'peter', 'petit', 'petty', 'pewee', 'phaca', 'phage', 'phase', 'phasm', 'pheal', 'phebe', 'phial', 'phone', 'phono', 'phora', 'phose', 'photo', 'piaba', 'pical', 'piece', 'piete', 'piggy', 'pigmy', 'pikel', 'piler', 'piles', 'piman', 'pinal', 'pinax', 'pinda', 'pined', 'piner', 'pinic', 'pinky', 'pinus', 'piped', 'pipet', 'pipil', 'pipra', 'pisky', 'pixie', 'pizza', 'plack', 'plaga', 'plage', 'plang', 'plasm', 'playa', 'plica', 'plomb', 'plook', 'pluff', 'plump', 'plyer', 'poche', 'podal', 'poddy', 'podex', 'podge', 'poggy', 'poind', 'pokan', 'poked', 'polar', 'poler', 'polio', 'polyp', 'pomey', 'pomme', 'pommy', 'pompa', 'pondo', 'ponga', 'pongo', 'ponto', 'pooka', 'pooli', 'pooly', 'popal', 'porch', 'pored', 'porgy', 'poros', 'porry', 'porus', 'posse', 'potty', 'poulp', 'pound', 'prank', 'prawn', 'praya', 'preen', 'prest', 'prexy', 'prick', 'pried', 'prill', 'prime', 'prine', 'priss', 'privy', 'probe', 'proof', 'pross', 'proto', 'prude', 'pryer', 'pshaw', 'puddy', 'puggi', 'puggy', 'pugil', 'puler', 'pulex', 'pulka', 'pulpy', 'pulse', 'punch', 'punga', 'punky', 'pupal', 'pupil', 'puree', 'purga', 'purry', 'purse', 'pyoid', 'pyrus', 'quack', 'quake', 'quale', 'qualm', 'quare', 'quash', 'quata', 'quave', 'quawk', 'queen', 'queet', 'quell', 'queme', 'quest', 'quiff', 'quilt', 'quina', 'quink', 'quite', 'rabat', 'rabic', 'rabid', 'radar', 'radek', 'radon', 'raffe', 'raggy', 'rakan', 'ramal', 'rambo', 'ramed', 'ramex', 'rangy', 'rapid', 'rappe', 'rater', 'ratwa', 'reaal', 'reach', 'readd', 'reamy', 'rebag', 'rebed', 'rebia', 'rebud', 'recap', 'recce', 'recco', 'recur', 'redan', 'redip', 'redox', 'redry', 'redub', 'redux', 'reedy', 'reeky', 'refel', 'refit', 'regga', 'reify', 'reign', 'relax', 'remit', 'remix', 'remop', 'reneg', 'repen', 'repew', 'repic', 'repin', 'reply', 'rerun', 'resew', 'retax', 'retip', 'revie', 'revue', 'rewed', 'rewet', 'ricer', 'riffi', 'rilly', 'ripal', 'rivel', 'riven', 'robur', 'rocky', 'rodeo', 'rodge', 'rohan', 'rohob', 'rolfe', 'romal', 'rompu', 'rooky', 'roque', 'rosed', 'rough', 'rougy', 'rovet', 'rowdy', 'rowed', 'rowty', 'rozum', 'ruach', 'rubor', 'rudge', 'rufus', 'rufus', 'rugby', 'runny', 'rusky', 'sabal', 'sabik', 'sable', 'sably', 'sabzi', 'sacra', 'sadhe', 'safar', 'safen', 'saify', 'saiph', 'sakai', 'sakel', 'saker', 'sakha', 'salay', 'salep', 'salix', 'salix', 'salma', 'salta', 'salva', 'salve', 'saman', 'samas', 'samba', 'sampi', 'sanga', 'sapek', 'sapid', 'sappy', 'saqib', 'saran', 'sargo', 'sarif', 'saros', 'saruk', 'saugh', 'saura', 'sauve', 'savin', 'savor', 'savoy', 'sawah', 'scald', 'scall', 'scape', 'scare', 'scarp', 'scase', 'scaup', 'scawd', 'sclav', 'sclim', 'scoke', 'scoon', 'scoop', 'scopa', 'scops', 'scott', 'scouk', 'scray', 'scrip', 'scrob', 'scrub', 'scuff', 'scuft', 'scull', 'seavy', 'sebum', 'secos', 'secre', 'seedy', 'seege', 'seepy', 'seker', 'sekos', 'selly', 'selva', 'semis', 'sensa', 'sepic', 'septa', 'sequa', 'serab', 'sereh', 'serve', 'servo', 'sesma', 'sewan', 'sewed', 'sewen', 'sexto', 'shade', 'shahi', 'shale', 'shaly', 'shane', 'shang', 'shant', 'shapy', 'shard', 'sharn', 'shawl', 'shawm', 'sheaf', 'sheat', 'sheep', 'sheer', 'sheet', 'shelf', 'shend', 'sheng', 'sheth', 'shewa', 'shide', 'shiel', 'shies', 'shift', 'shilf', 'shina', 'shine', 'shiny', 'shirr', 'shivy', 'shoji', 'shone', 'shood', 'shook', 'shoot', 'shote', 'shout', 'shove', 'shown', 'shred', 'shrip', 'shrog', 'shuba', 'shuff', 'shurf', 'sicca', 'sieva', 'sieve', 'sight', 'silex', 'silly', 'simia', 'sinic', 'siper', 'sirky', 'sisal', 'sixth', 'sizar', 'sized', 'sjaak', 'skate', 'skeel', 'skeif', 'skelp', 'skene', 'skere', 'skewy', 'skidi', 'skier', 'skies', 'skift', 'skime', 'skirp', 'skirt', 'skulk', 'skulp', 'skunk', 'skyey', 'slack', 'slank', 'slape', 'slath', 'sleek', 'slich', 'slide', 'slish', 'sloke', 'sloom', 'slopy', 'slunk', 'slyly', 'smack', 'small', 'smalt', 'smart', 'smash', 'smeek', 'smirk', 'smock', 'smoke', 'smoot', 'smore', 'smous', 'smurr', 'smuse', 'snack', 'snake', 'snaky', 'snaps', 'snark', 'snath', 'sneap', 'snick', 'snipe', 'snivy', 'snood', 'snook', 'snuff', 'soaky', 'sober', 'soddy', 'sodio', 'sofar', 'soles', 'solid', 'solio', 'solio', 'somma', 'soord', 'sooth', 'sooty', 'sorex', 'sorva', 'sotho', 'sozin', 'spack', 'spaik', 'spald', 'spang', 'spann', 'spary', 'spass', 'spawn', 'speal', 'spean', 'spear', 'spece', 'speel', 'speen', 'spent', 'sperm', 'spewy', 'sphex', 'spica', 'spica', 'spice', 'spied', 'spiff', 'spiky', 'spile', 'spite', 'spitz', 'spode', 'spoky', 'spole', 'spool', 'spoon', 'spoor', 'sprat', 'spray', 'spree', 'spret', 'sprod', 'sprug', 'spuke', 'spunk', 'sputa', 'spyer', 'squad', 'squib', 'squid', 'stack', 'stage', 'stamp', 'stang', 'stary', 'stauk', 'stays', 'steam', 'steer', 'steng', 'stert', 'stewy', 'stick', 'stiff', 'stint', 'stipe', 'stirk', 'stith', 'stoga', 'stoke', 'stomp', 'stond', 'stork', 'stout', 'strad', 'strad', 'strew', 'strig', 'strop', 'struv', 'stuck', 'stung', 'stunt', 'stupa', 'stupe', 'stupp', 'suave', 'suber', 'succi', 'sudra', 'sueve', 'sugan', 'sugih', 'sukey', 'sulka', 'surfy', 'surma', 'swami', 'swamp', 'swamy', 'swath', 'swede', 'swelt', 'swick', 'swift', 'swipy', 'swire', 'swirl', 'swoon', 'swoop', 'sworn', 'swosh', 'swung', 'swure', 'sybil', 'sylva', 'syrma', 'syrma', 'tabby', 'tabby', 'tabet', 'tabla', 'taboo', 'tafia', 'tagua', 'taiga', 'tajik', 'takar', 'taken', 'talak', 'talao', 'tally', 'talpa', 'tamer', 'tangy', 'tanha', 'tanti', 'tanya', 'tapas', 'tapoa', 'tappa', 'taraf', 'tareq', 'tarot', 'tarri', 'tarry', 'tawgi', 'taxed', 'taxis', 'taxor', 'tayra', 'tcawi', 'tchwi', 'teart', 'teave', 'teaze', 'tebet', 'tedge', 'teens', 'teeth', 'teety', 'tegua', 'tekya', 'tembe', 'temne', 'tempi', 'tempt', 'tenet', 'tenne', 'tenon', 'tenth', 'tenty', 'tepee', 'terek', 'terry', 'terry', 'terzo', 'tetel', 'tewit', 'thack', 'tharm', 'thatn', 'thawy', 'theah', 'theer', 'theet', 'thema', 'thick', 'thigh', 'thill', 'think', 'think', 'thirt', 'thoft', 'thort', 'thrap', 'throw', 'thruv', 'thumb', 'thurt', 'tiang', 'tibbu', 'tibet', 'tiddy', 'tiger', 'tikka', 'tilth', 'tinni', 'tiple', 'tippy', 'titan', 'titar', 'title', 'titus', 'tmema', 'toast', 'toher', 'tommy', 'tommy', 'toned', 'tooth', 'topee', 'torta', 'tossy', 'totem', 'tovah', 'towan', 'towel', 'toxic', 'toxin', 'toxon', 'tract', 'trady', 'trait', 'trame', 'tramp', 'tread', 'treed', 'tribe', 'trist', 'trixy', 'troco', 'troke', 'troll', 'troop', 'trout', 'truth', 'tsuga', 'tuart', 'tubba', 'tubby', 'tubik', 'tucum', 'tufty', 'tummy', 'tunna', 'tupik', 'turfy', 'turus', 'tutee', 'tutti', 'tuzla', 'twana', 'twang', 'twank', 'tweak', 'tweeg', 'tweel', 'tween', 'tweet', 'twere', 'twerp', 'twill', 'twine', 'twink', 'twite', 'udder', 'ukase', 'uller', 'ulnad', 'umaua', 'unadd', 'unapt', 'unarm', 'unbid', 'unbog', 'unbow', 'undid', 'undon', 'unfar', 'unfit', 'unget', 'ungod', 'ungot', 'unhad', 'unhap', 'unjam', 'unken', 'unlap', 'unmad', 'unorn', 'unpeg', 'unpin', 'unrig', 'unrow', 'unrun', 'unsex', 'unsun', 'unurn', 'unwed', 'upjet', 'upper', 'uppop', 'upupa', 'upwax', 'upway', 'urari', 'urubu', 'usara', 'usher', 'uvrou', 'uzara', 'uzbeg', 'vadim', 'vaire', 'valse', 'valve', 'valyl', 'vance', 'vapor', 'varda', 'varec', 'varna', 'varus', 'vaudy', 'vealy', 'veiny', 'vejoz', 'velar', 'vened', 'venom', 'venus', 'vepse', 'vergi', 'verpa', 'verre', 'vespa', 'vesta', 'veuve', 'vexil', 'viand', 'vibex', 'vibix', 'vicar', 'viewy', 'vifda', 'vigia', 'vigor', 'vijay', 'vimen', 'vinta', 'vinyl', 'virid', 'viron', 'visit', 'vison', 'vitis', 'vitta', 'viuva', 'vivax', 'vivek', 'vivid', 'vodka', 'vogul', 'volet', 'volta', 'votal', 'vouch', 'vying', 'wabby', 'wacky', 'wader', 'wadna', 'wafty', 'waged', 'waive', 'waken', 'wakif', 'waltz', 'wanny', 'wappo', 'warst', 'warua', 'wasel', 'washo', 'wasnt', 'wauch', 'waugh', 'wawah', 'weald', 'weary', 'webby', 'wecht', 'wedge', 'wedgy', 'weeda', 'weedy', 'weeny', 'weeps', 'wefty', 'wende', 'wendy', 'wetly', 'wevet', 'wezen', 'whale', 'whalm', 'whalp', 'whaly', 'whame', 'whand', 'whang', 'whare', 'wharp', 'whart', 'whata', 'whauk', 'whaur', 'wheat', 'wheem', 'wheen', 'wheep', 'wheft', 'whein', 'whelp', 'where', 'whewl', 'whiba', 'which', 'whift', 'whill', 'whine', 'whisk', 'whoof', 'whort', 'wilga', 'wince', 'windy', 'wined', 'winly', 'wired', 'wiser', 'wisha', 'wispy', 'withe', 'withy', 'wiyat', 'wiyot', 'wizen', 'woady', 'woald', 'wodge', 'wodgy', 'woibe', 'woman', 'womby', 'wonky', 'wonna', 'wooer', 'woold', 'woons', 'woosh', 'wootz', 'wordy', 'works', 'wormy', 'would', 'wrack', 'wrang', 'wring', 'wrong', 'wrote', 'wryly', 'wyson', 'xebec', 'xenon', 'xenos', 'xeric', 'xicak', 'xinca', 'xurel', 'xylan', 'xylic', 'yabbi', 'yacal', 'yacca', 'yahan', 'yaird', 'yajna', 'yalla', 'yampa', 'yaply', 'yarke', 'yarth', 'yasht', 'yeara', 'yeard', 'yerba', 'yezdi', 'yield', 'yocco', 'yogin', 'yokel', 'yomer', 'yomud', 'youff', 'youse', 'yoven', 'zambo', 'zamia', 'zapas', 'zaque', 'zayin', 'zeism', 'zeist', 'zesty', 'ziara', 'ziega', 'ziffs', 'zirai', 'zocco', 'zohak', 'zoism', 'zokor', 'zombi', 'zonar', 'zonic', 'zooid', 'zooks', 'zoque', 'zorro', 'zudda', 'zygal', 'again', 'apple', 'black', 'blade', 'brain', 'brass', 'brick', 'brown', 'brush', 'cause', 'chalk', 'chest', 'curve', 'dress', 'drink', 'error', 'grass', 'great', 'linen', 'metal', 'money', 'month', 'mouth', 'music', 'paste', 'peace', 'quite', 'rough', 'shade', 'sheep', 'shelf', 'skirt', 'small', 'smash', 'smoke', 'snake', 'solid', 'spoon', 'stage', 'stamp', 'steam', 'stick', 'stiff', 'thick', 'thumb', 'tooth', 'where', 'woman', 'wrong']
6 - ['abama', 'abave', 'abele', 'abkar', 'aboma', 'abura', 'abwab', 'acara', 'acock', 'acoma', 'acoma', 'adawe', 'addax', 'added', 'aflow', 'afoam', 'agade', 'agape', 'agaze', 'agger', 'aging', 'agoge', 'agoho', 'agora', 'airer', 'ajava', 'ajhar', 'akasa', 'alain', 'aleak', 'alibi', 'alive', 'alkyl', 'allah', 'allan', 'allan', 'aloma', 'alway', 'amini', 'amman', 'amper', 'anjan', 'anker', 'annex', 'araba', 'arake', 'arawa', 'arbor', 'ardea', 'arear', 'areek', 'areel', 'arena', 'aroar', 'arrah', 'array', 'asker', 'aswim', 'atria', 'avena', 'avera', 'awaft', 'award', 'awber', 'aweek', 'awiwi', 'axine', 'azide', 'azoxy', 'babai', 'babby', 'babel', 'badge', 'baffy', 'bahan', 'bahoo', 'bajra', 'balak', 'balas', 'baloo', 'balza', 'banak', 'banca', 'banda', 'banda', 'bande', 'banff', 'banga', 'bange', 'banjo', 'banty', 'banya', 'barad', 'barbe', 'bargh', 'baria', 'barse', 'baste', 'batch', 'batea', 'batel', 'batty', 'batwa', 'beaky', 'bebat', 'bebay', 'bebed', 'beety', 'beeve', 'begad', 'belah', 'belee', 'bella', 'belve', 'bemad', 'benne', 'berry', 'betag', 'bevel', 'bezzo', 'bhava', 'bhili', 'bible', 'bider', 'bield', 'bilby', 'billa', 'billy', 'billy', 'binal', 'birth', 'biter', 'bitty', 'bizen', 'blaff', 'blake', 'blake', 'blibe', 'blink', 'bliss', 'blood', 'bloom', 'bloop', 'bluff', 'board', 'boden', 'boggy', 'bolar', 'boner', 'bongo', 'bongo', 'booky', 'booly', 'booze', 'borak', 'borak', 'boran', 'boree', 'boric', 'bortz', 'bossy', 'bound', 'bowed', 'bowel', 'bowie', 'bowla', 'boyar', 'boyer', 'bozze', 'braca', 'brake', 'brava', 'braxy', 'bread', 'break', 'bream', 'breba', 'breme', 'brier', 'brine', 'briss', 'brizz', 'broke', 'broll', 'bronx', 'brood', 'broom', 'bruke', 'buddy', 'buffy', 'bulky', 'bulse', 'bunch', 'bunga', 'bunny', 'burka', 'burly', 'burse', 'burst', 'busby', 'bushy', 'busky', 'caber', 'cabob', 'cacan', 'cacao', 'cache', 'caggy', 'cahow', 'canon', 'carex', 'cargo', 'carry', 'carry', 'carve', 'casse', 'cauch', 'caval', 'cavel', 'cerer', 'ceric', 'chaff', 'chaja', 'chark', 'chill', 'chirk', 'chock', 'choco', 'choga', 'chuff', 'circa', 'circe', 'clank', 'clava', 'clawk', 'click', 'clock', 'cloof', 'cobus', 'cocle', 'cocoa', 'cohol', 'colla', 'congo', 'conic', 'conin', 'cooba', 'cooja', 'copen', 'coper', 'corke', 'coved', 'cowan', 'coxal', 'crack', 'craft', 'crave', 'creak', 'creep', 'crock', 'crook', 'crore', 'cuffy', 'curua', 'curvy', 'cutch', 'daira', 'daira', 'dairi', 'dalea', 'dalle', 'daraf', 'dargo', 'darky', 'daven', 'daver', 'dawdy', 'dawut', 'deave', 'dedan', 'defog', 'derek', 'dewer', 'diana', 'dinka', 'divel', 'diver', 'divus', 'dizzy', 'dodgy', 'doggo', 'dogma', 'doing', 'donax', 'donne', 'dooja', 'dooms', 'doper', 'dorad', 'doree', 'douse', 'draff', 'dramm', 'dread', 'drinn', 'drool', 'droud', 'dully', 'dwell', 'eagre', 'edged', 'edger', 'eerie', 'egger', 'eking', 'elite', 'elmer', 'elope', 'elude', 'embox', 'emeer', 'enjoy', 'eppie', 'erade', 'evade', 'every', 'evoke', 'ewder', 'exile', 'exite', 'fabes', 'fable', 'fader', 'fadge', 'fagus', 'faham', 'fairm', 'fairy', 'fakir', 'fanal', 'fanny', 'fanwe', 'farce', 'farde', 'fardo', 'faugh', 'fauld', 'favor', 'favus', 'feedy', 'felix', 'fendy', 'fenks', 'ferri', 'feuar', 'fezzy', 'filch', 'filer', 'fired', 'fives', 'fixed', 'fizzy', 'flaff', 'flail', 'flake', 'flaky', 'flame', 'flamy', 'flank', 'flare', 'flary', 'flash', 'fleam', 'fleay', 'fleck', 'fleer', 'float', 'flock', 'flood', 'flued', 'fluey', 'flume', 'flump', 'flunk', 'flyer', 'focal', 'focus', 'fodda', 'foder', 'fodge', 'fogey', 'foggy', 'fogle', 'fogus', 'foist', 'foist', 'folio', 'foppy', 'forby', 'fordy', 'forge', 'formy', 'forty', 'fosse', 'fouth', 'frack', 'fraik', 'frail', 'frame', 'frass', 'freer', 'frett', 'frier', 'frija', 'frike', 'frill', 'frisk', 'frizz', 'frond', 'frory', 'frowl', 'frush', 'fryer', 'fuder', 'fugle', 'fulwa', 'funje', 'funky', 'furan', 'furor', 'furze', 'fusty', 'fuzzy', 'gadus', 'gaffe', 'gagor', 'gaize', 'galax', 'galea', 'galga', 'galla', 'galla', 'gally', 'gamma', 'gammy', 'ganef', 'ganja', 'ganta', 'gaper', 'gappy', 'gardy', 'garth', 'gasan', 'gassy', 'gated', 'gauze', 'gavel', 'gayal', 'gelly', 'genin', 'genny', 'gerip', 'giber', 'giles', 'gilia', 'gilia', 'given', 'glack', 'glade', 'glass', 'glazy', 'glink', 'glout', 'glove', 'gluer', 'goala', 'gobby', 'gogga', 'going', 'goloe', 'gonad', 'gonal', 'gonne', 'goofy', 'gools', 'gorce', 'gorry', 'gotch', 'graff', 'graft', 'grain', 'grank', 'grave', 'greed', 'greek', 'green', 'grege', 'grego', 'gride', 'grief', 'grike', 'groom', 'groop', 'grope', 'gross', 'grosz', 'grown', 'guaba', 'guava', 'guffy', 'gully', 'gutty', 'guyer', 'gwine', 'gygis', 'gyron', 'gyrus', 'haddo', 'hakea', 'halal', 'halve', 'hanch', 'hanif', 'happy', 'harka', 'harry', 'harry', 'havel', 'haven', 'havoc', 'hawok', 'hawse', 'hayey', 'hazle', 'heath', 'heavy', 'heinz', 'herat', 'herem', 'hetty', 'hewel', 'hewer', 'hexad', 'hiker', 'hinge', 'hinny', 'hithe', 'hives', 'hogan', 'hoggy', 'hokan', 'holla', 'holly', 'holly', 'homer', 'homer', 'honey', 'honzo', 'hoofy', 'hoosh', 'hoper', 'horal', 'horse', 'housy', 'hoven', 'howel', 'hoyle', 'huffy', 'hurry', 'hussy', 'huzza', 'icaco', 'iddat', 'ilial', 'infer', 'infra', 'jacal', 'jacko', 'jacky', 'jagir', 'jahve', 'jakob', 'jambo', 'jared', 'jatki', 'javan', 'jelab', 'jerib', 'jesse', 'jewry', 'jingo', 'jinja', 'jixie', 'jodel', 'jonah', 'jotty', 'jowpy', 'jubbe', 'jugal', 'juice', 'jules', 'jumbo', 'jumby', 'jumma', 'jural', 'kabel', 'kafir', 'kafir', 'kafiz', 'kafka', 'kahar', 'kakar', 'kamel', 'kanap', 'kanat', 'kanji', 'karbi', 'karch', 'karen', 'karma', 'karri', 'katha', 'katha', 'kathy', 'kauri', 'kazak', 'keach', 'keawe', 'kebab', 'kelek', 'kella', 'kemal', 'kenno', 'kevin', 'khaki', 'khoka', 'kinah', 'kinky', 'kizil', 'koban', 'kobus', 'kodak', 'kodak', 'kohen', 'kokil', 'konia', 'kooka', 'korah', 'koroa', 'kouza', 'krama', 'krama', 'krome', 'kubba', 'kurku', 'laang', 'label', 'lader', 'lagna', 'lappa', 'laxly', 'layia', 'leafy', 'legua', 'lelia', 'lever', 'lieve', 'liker', 'linin', 'linja', 'liven', 'liwan', 'lloyd', 'lludd', 'lobar', 'looby', 'loulu', 'lowly', 'loyal', 'madid', 'mafoo', 'maggy', 'maiid', 'makah', 'maker', 'makuk', 'malar', 'malax', 'mamba', 'mamie', 'mania', 'marge', 'marka', 'marko', 'mater', 'matka', 'matta', 'maxim', 'mazed', 'mease', 'melam', 'mense', 'merak', 'merry', 'messe', 'milpa', 'mimer', 'misgo', 'mixen', 'mizzy', 'moggy', 'mokum', 'moorn', 'moose', 'moper', 'mopsy', 'moses', 'mowra', 'mowse', 'mudee', 'muffy', 'mummy', 'murza', 'nabak', 'nabby', 'nancy', 'nancy', 'nappe', 'nasus', 'naval', 'neffy', 'neger', 'nevel', 'nexus', 'nieve', 'nival', 'nogal', 'nonce', 'nonya', 'nunki', 'nunni', 'omber', 'otter', 'outgo', 'ozone', 'pacer', 'pagan', 'palea', 'paler', 'palli', 'panax', 'pandy', 'panna', 'pappi', 'parah', 'pargo', 'parka', 'parky', 'pasha', 'passe', 'passe', 'patta', 'pause', 'pavia', 'pawky', 'payer', 'peavy', 'peban', 'pedal', 'peepy', 'peeve', 'peine', 'penna', 'perch', 'percy', 'perky', 'perse', 'petal', 'phill', 'picky', 'piker', 'pinna', 'pinna', 'pinny', 'pipal', 'pitch', 'pivot', 'plank', 'plass', 'plaza', 'pobby', 'pogge', 'poise', 'pokey', 'poley', 'ponja', 'poppa', 'porge', 'porky', 'poser', 'posey', 'poter', 'potto', 'praam', 'prana', 'prate', 'press', 'prier', 'primp', 'prize', 'proke', 'prone', 'pshav', 'puffy', 'puker', 'punan', 'puppy', 'purre', 'quaff', 'quauk', 'queue', 'racer', 'radix', 'rafik', 'ramon', 'ranny', 'raser', 'razee', 'razoo', 'rearm', 'rebab', 'rebeg', 'rebid', 'rebob', 'rebop', 'rebox', 'redig', 'reefy', 'reeve', 'refix', 'refly', 'regia', 'regin', 'regur', 'reman', 'remap', 'remex', 'renew', 'rerig', 'rerub', 'resex', 'revel', 'revet', 'rexen', 'ribby', 'rigor', 'rival', 'rogan', 'rokee', 'romeo', 'roofy', 'rouky', 'ruddy', 'ruggy', 'ruler', 'rumor', 'rupee', 'ryder', 'sabia', 'sabra', 'sabra', 'saggy', 'sahme', 'saiga', 'saiid', 'salad', 'salal', 'salle', 'sally', 'sally', 'salpa', 'salpa', 'salse', 'sapan', 'sarsi', 'sarus', 'sasin', 'sawed', 'sawer', 'sazen', 'scads', 'scaff', 'scalp', 'scarf', 'scove', 'scovy', 'scram', 'screw', 'scrog', 'scruf', 'seely', 'seism', 'seraw', 'serer', 'seres', 'seven', 'sewer', 'sexed', 'shack', 'shaky', 'shall', 'shalt', 'shama', 'shame', 'shank', 'shape', 'shape', 'shaps', 'share', 'sharp', 'shell', 'sheva', 'shilh', 'shive', 'shock', 'shojo', 'shooi', 'shoop', 'shore', 'shott', 'shram', 'shrap', 'shrew', 'shrub', 'shrug', 'sided', 'sides', 'sinus', 'sirih', 'siris', 'sirki', 'siver', 'sizes', 'skaff', 'skean', 'skeed', 'skeen', 'skeet', 'skelf', 'skice', 'skied', 'skiff', 'skill', 'skirr', 'skite', 'skive', 'skull', 'skuse', 'slake', 'slaky', 'slick', 'slime', 'sloop', 'slosh', 'slush', 'smalm', 'smeer', 'smoos', 'snaff', 'sneak', 'sniff', 'snoop', 'soger', 'sooky', 'soppy', 'sorus', 'space', 'space', 'spade', 'spale', 'spane', 'spank', 'sparm', 'spart', 'spave', 'speed', 'spelk', 'spell', 'spend', 'spiel', 'spike', 'spike', 'spina', 'spine', 'spink', 'spiny', 'spoke', 'spoof', 'spook', 'spoom', 'spoot', 'spout', 'sprad', 'sprig', 'squab', 'staff', 'stake', 'stank', 'stark', 'state', 'state', 'steak', 'steed', 'stent', 'stife', 'stong', 'stool', 'stoop', 'stove', 'stram', 'stret', 'strix', 'strix', 'strow', 'strut', 'stubb', 'stunk', 'subra', 'suist', 'sulfa', 'suzan', 'swang', 'swank', 'sward', 'swash', 'swazi', 'sweal', 'swear', 'sweat', 'sweep', 'swelp', 'swept', 'swerd', 'swile', 'swipe', 'swird', 'taggy', 'taint', 'takao', 'tanak', 'tanga', 'tanzy', 'taper', 'taqua', 'tarfa', 'tatar', 'tazia', 'teaty', 'teest', 'tekke', 'tekke', 'tepal', 'testa', 'testy', 'teton', 'tewer', 'tharf', 'theat', 'theft', 'theta', 'thraw', 'tibby', 'tinta', 'tiver', 'tonto', 'topaz', 'toper', 'toppy', 'tozee', 'trama', 'trapa', 'trave', 'trike', 'troft', 'troot', 'troth', 'trove', 'trubu', 'twant', 'unark', 'unbag', 'unbox', 'unfed', 'unket', 'unkid', 'unkin', 'unlaw', 'unmew', 'unpen', 'unwon', 'uveal', 'uvula', 'uvver', 'uzbek', 'vache', 'vagal', 'vagas', 'vajra', 'vakia', 'valet', 'valmy', 'valor', 'vapid', 'varix', 'vasal', 'vault', 'vaunt', 'vedda', 'vedro', 'veery', 'velal', 'venal', 'venin', 'verby', 'verge', 'verve', 'vetch', 'vexed', 'ville', 'vince', 'vined', 'vinic', 'virga', 'vixen', 'vlach', 'vogue', 'vouge', 'vuggy', 'waapa', 'waddy', 'waggy', 'wagon', 'waily', 'waird', 'waled', 'wamus', 'waned', 'warly', 'warty', 'washy', 'waspy', 'wasty', 'watap', 'waura', 'wauve', 'weave', 'weber', 'weeze', 'wench', 'weste', 'whank', 'wharf', 'whase', 'wheal', 'wheel', 'wheer', 'whelk', 'whewt', 'whish', 'whone', 'whose', 'widdy', 'wifie', 'wigan', 'wiggy', 'wight', 'winch', 'winer', 'wingy', 'winze', 'wiper', 'wirra', 'woldy', 'wolve', 'wonga', 'woody', 'woody', 'woofy', 'worky', 'worth', 'wough', 'wramp', 'wrawl', 'wreat', 'wreck', 'wrest', 'wrick', 'wried', 'writh', 'wroke', 'wroth', 'wudge', 'wunna', 'wuzzy', 'wyver', 'xoana', 'yahoo', 'yahoo', 'yakan', 'yakka', 'yanky', 'yarak', 'yawny', 'yerga', 'yojan', 'yoker', 'yolky', 'youve', 'yucky', 'zabra', 'zaman', 'zapus', 'zebra', 'zerda', 'zerma', 'zihar', 'zippy', 'zizia', 'zoned', 'zoons', 'berry', 'birth', 'blood', 'board', 'brake', 'bread', 'burst', 'clock', 'crack', 'every', 'fixed', 'flame', 'frame', 'glass', 'glove', 'grain', 'green', 'happy', 'horse', 'screw', 'shame', 'sharp', 'shock', 'space', 'spade', 'wheel']
7 - ['adzer', 'aegle', 'afara', 'afifi', 'agave', 'agria', 'ajaja', 'ajaja', 'algal', 'allay', 'allyl', 'ammer', 'arara', 'arara', 'awake', 'awave', 'bajri', 'baker', 'baler', 'banba', 'bandy', 'barff', 'barky', 'barra', 'barry', 'barry', 'bases', 'batta', 'batta', 'bazoo', 'bedad', 'befan', 'belle', 'bemar', 'berat', 'betty', 'betty', 'bever', 'bezel', 'bifer', 'binge', 'binna', 'bitch', 'blaze', 'blazy', 'bleak', 'bobby', 'bobby', 'bogan', 'bonbo', 'boose', 'boozy', 'borax', 'boser', 'bousy', 'bower', 'boxen', 'bozal', 'brave', 'braza', 'breve', 'bribe', 'brook', 'brool', 'bulby', 'bulla', 'bully', 'bumbo', 'burry', 'buzzy', 'cager', 'cavae', 'charr', 'chirr', 'choca', 'clack', 'cleck', 'cloff', 'coker', 'coree', 'covey', 'cozen', 'craze', 'creek', 'creek', 'crick', 'curry', 'daddy', 'daffy', 'darer', 'daroo', 'dazed', 'deedy', 'defer', 'devow', 'diddy', 'didus', 'dodge', 'doggy', 'dowed', 'dower', 'dozen', 'drear', 'durra', 'eagle', 'eared', 'edder', 'effie', 'eider', 'elver', 'evase', 'facer', 'faddy', 'faffy', 'fanon', 'fated', 'fatty', 'fause', 'fauve', 'fayal', 'feaze', 'feeze', 'ferry', 'feste', 'fever', 'fiber', 'fiber', 'fifie', 'figgy', 'fight', 'final', 'finch', 'finer', 'finny', 'flack', 'flawy', 'fling', 'flout', 'fluer', 'fluff', 'foldy', 'foody', 'foray', 'forky', 'forth', 'fotch', 'foyer', 'frank', 'frank', 'fream', 'freck', 'freed', 'fried', 'frith', 'frize', 'froom', 'froth', 'frown', 'fudge', 'fuffy', 'funny', 'gadge', 'galli', 'ganda', 'ganga', 'ganga', 'gange', 'garad', 'garoo', 'garse', 'gatch', 'gauge', 'gawky', 'gazee', 'gazel', 'gazer', 'gazon', 'gease', 'girth', 'giver', 'glaze', 'gloze', 'goban', 'gomer', 'goner', 'goods', 'goran', 'goric', 'gorse', 'gossy', 'gouge', 'goyle', 'grate', 'graze', 'groff', 'grove', 'guaza', 'gugal', 'gurly', 'gushy', 'hache', 'haggy', 'hashy', 'hater', 'haugh', 'hazel', 'hazel', 'hazen', 'hexer', 'hilch', 'hiver', 'hoofs', 'hovel', 'hover', 'hunch', 'hutch', 'ionic', 'ionic', 'jaggy', 'jammy', 'japer', 'jarmo', 'jatha', 'jaunt', 'jeery', 'jenna', 'jerky', 'jewel', 'jheel', 'jiffy', 'jirga', 'johan', 'joree', 'jorge', 'jough', 'jowar', 'juger', 'juror', 'jutty', 'kakke', 'kanae', 'kande', 'kanga', 'kasha', 'kazoo', 'kelly', 'kelly', 'kerry', 'kerry', 'ketal', 'ketty', 'kevan', 'kevel', 'kikar', 'killy', 'kitty', 'kitty', 'kiver', 'kling', 'koala', 'kokan', 'kokra', 'konak', 'krone', 'lager', 'lamia', 'leavy', 'lifer', 'lobal', 'malmy', 'mamma', 'mammy', 'marae', 'matax', 'mazer', 'mimus', 'molle', 'mommy', 'mouse', 'mower', 'murra', 'muzzy', 'nanny', 'nanny', 'nantz', 'naren', 'navvy', 'nawab', 'never', 'ninja', 'noxal', 'nunky', 'offer', 'oromo', 'pager', 'palar', 'panak', 'pappy', 'parao', 'parra', 'parry', 'pavan', 'pawer', 'pekan', 'peppy', 'perry', 'perry', 'pippy', 'poker', 'polly', 'poney', 'poppy', 'poral', 'pratt', 'prove', 'purer', 'qubba', 'queal', 'queer', 'radii', 'rajiv', 'raper', 'razor', 'reban', 'rebar', 'reree', 'rerob', 'rerow', 'rewax', 'rewin', 'rimer', 'roper', 'rorty', 'rowan', 'rural', 'saban', 'sagra', 'saiva', 'saraf', 'sarah', 'sassy', 'saved', 'saver', 'savvy', 'scala', 'scobs', 'scrap', 'scrow', 'seize', 'sense', 'sever', 'sfoot', 'shaka', 'shake', 'shark', 'shawy', 'shill', 'shrab', 'sizer', 'skart', 'skeeg', 'skell', 'skout', 'slash', 'slave', 'slave', 'slipe', 'slops', 'slows', 'smaze', 'sobby', 'sooke', 'sower', 'sowse', 'spall', 'spalt', 'spare', 'spark', 'speer', 'spock', 'spore', 'sprag', 'sprew', 'squaw', 'stave', 'steep', 'stite', 'stive', 'stood', 'strap', 'strit', 'stuff', 'surra', 'susan', 'swack', 'swage', 'swale', 'swape', 'swarf', 'swarm', 'sweet', 'swell', 'swill', 'swine', 'swink', 'tabut', 'taffy', 'taffy', 'taker', 'tanka', 'tatta', 'thrax', 'tiffy', 'tirer', 'titer', 'toffy', 'totty', 'tower', 'treat', 'trest', 'trite', 'truff', 'unfew', 'unfix', 'ungag', 'unhex', 'unwax', 'unwet', 'urare', 'vacoa', 'vagus', 'vairy', 'valva', 'vaned', 'vardy', 'vasty', 'verek', 'verse', 'villa', 'viper', 'vives', 'vocal', 'volar', 'volva', 'voter', 'vowed', 'vowel', 'wacke', 'wager', 'wages', 'wahoo', 'wakan', 'wakon', 'wally', 'wamel', 'wanty', 'warch', 'warri', 'warth', 'waste', 'waved', 'wavey', 'waxen', 'wayao', 'wazir', 'weaky', 'wenny', 'wicky', 'wield', 'woozy', 'worry', 'wound', 'woven', 'wreak', 'wride', 'wrier', 'yabby', 'yanan', 'yarly', 'yazoo', 'yesty', 'yezzy', 'youze', 'yummy', 'zoist', 'zonal', 'zowie', 'awake', 'fight', 'jewel', 'offer', 'sense', 'shake', 'sweet', 'verse', 'waste', 'wound']
8 - ['adder', 'baboo', 'barer', 'begar', 'bejan', 'bejel', 'boney', 'booby', 'boral', 'boxer', 'boxer', 'braze', 'bubby', 'caker', 'cower', 'crare', 'dover', 'dozed', 'dried', 'faded', 'fager', 'fally', 'farad', 'fenny', 'fetal', 'field', 'firth', 'fixer', 'flaxy', 'found', 'fraze', 'freak', 'froze', 'fully', 'gagee', 'gager', 'golly', 'goose', 'gorge', 'gowan', 'gurry', 'hawer', 'hight', 'hinch', 'hirer', 'hotch', 'hough', 'house', 'james', 'jarra', 'jarry', 'jawed', 'jazzy', 'jerez', 'jerry', 'jerry', 'jetty', 'jiggy', 'joist', 'joker', 'jowel', 'judge', 'judge', 'kakan', 'kerat', 'koran', 'labia', 'laker', 'level', 'liver', 'local', 'mover', 'naunt', 'nunch', 'paper', 'pater', 'paver', 'piper', 'piper', 'power', 'prore', 'rager', 'refan', 'refer', 'rever', 'rider', 'rober', 'roric', 'roter', 'sarra', 'sawan', 'scoff', 'scrab', 'scroo', 'seave', 'seine', 'shave', 'shrag', 'sixer', 'skeer', 'skink', 'slive', 'smarm', 'soggy', 'steek', 'stept', 'stook', 'strag', 'sware', 'swart', 'swore', 'taste', 'tatty', 'tawer', 'tizzy', 'tozer', 'tutty', 'unnew', 'unzen', 'vanda', 'vexer', 'vicky', 'vinal', 'viner', 'vinny', 'vomer', 'vower', 'vulva', 'waker', 'wakes', 'waler', 'waler', 'wandy', 'wanga', 'warse', 'warve', 'watch', 'welly', 'willy', 'willy', 'winna', 'witch', 'witty', 'wiver', 'worse', 'wrive', 'yappy', 'zande', 'zanze', 'zilla', 'zogan', 'zolle', 'field', 'house', 'judge', 'level', 'paper', 'power', 'taste', 'watch']
9 - ['bater', 'bebar', 'borer', 'bouse', 'carer', 'cover', 'danda', 'dandy', 'dozer', 'faker', 'farse', 'fifer', 'fifty', 'filly', 'fitch', 'fitty', 'fiver', 'folly', 'frore', 'furry', 'furzy', 'goral', 'gorer', 'gudge', 'hatch', 'haver', 'jaded', 'jager', 'jakes', 'javer', 'jelly', 'jenny', 'jenny', 'jinny', 'jinny', 'jower', 'laver', 'nanga', 'parer', 'porer', 'raker', 'riper', 'roker', 'sasan', 'scrag', 'shraf', 'start', 'stoff', 'stoof', 'straw', 'sweer', 'taunt', 'taver', 'tight', 'toter', 'varve', 'wafer', 'wirer', 'yaray', 'cover', 'jelly', 'start', 'tight']
10 - ['corer', 'eager', 'eaver', 'farer', 'firer', 'foxer', 'gater', 'hazer', 'hitch', 'jolly', 'loral', 'nanda', 'ninny', 'raver', 'river', 'roger', 'roger', 'rower', 'scraw', 'souse', 'stoot', 'taxer', 'titty', 'waver', 'river']
11 - ['lolly', 'razer', 'roral', 'rover', 'viver', 'water', 'waxer', 'water']
12 - ['eater', 'oolly']
13 - ['tater']
Average - 4.56